<?xml version="1.0" encoding="UTF-8"?>
<w:WantList w:release="5.2" w:product="NIEM" w:nillableDefault="true"
  xmlns:aamva_d20="http://release.niem.gov/niem/codes/aamva_d20/5.0/"
  xmlns:hs="http://release.niem.gov/niem/domains/humanServices/5.2/"
  xmlns:nc="http://release.niem.gov/niem/niem-core/5.0/"
  xmlns:w="http://niem.gov/niem/wantlist/2.2"
  xmlns:j="http://release.niem.gov/niem/domains/jxdm/7.2/" xmlns:scr="http://release.niem.gov/niem/domains/screening/5.2/">
  <w:Element w:name="hs:EmployerAugmentation" w:isReference="false" w:nillable="true"/>
  <w:Element w:name="j:CaseAugmentation" w:isReference="false" w:nillable="true"/>
  <w:Element w:name="j:CourtCategoryCode" w:isReference="false" w:nillable="true"/>
  <w:Element w:name="j:CourtEvent" w:isReference="false" w:nillable="false"/>
  <w:Element w:name="nc:CaseGeneralCategoryText" w:isReference="false" w:nillable="false"/>
  <w:Element w:name="nc:Date" w:isReference="false" w:nillable="false"/>
  <w:Element w:name="nc:DateTime" w:isReference="false" w:nillable="false"/>
  <w:Element w:name="nc:EntityPerson" w:isReference="false" w:nillable="false"/>
  <w:Element w:name="nc:PersonEmploymentAssociation"
    w:isReference="false" w:nillable="true"/>
  <w:Element w:name="nc:PersonRaceText" w:isReference="false" w:nillable="false"/>
  <w:Element w:name="nc:PersonSexText" w:isReference="false" w:nillable="false"/>
  <w:Element w:name="nc:ScheduleDate" w:isReference="false" w:nillable="false"/>
  <w:Element w:name="nc:StatusText" w:isReference="false" w:nillable="false"/>
  <w:Element w:name="scr:InmateNumberID" w:isReference="false" w:nillable="true"/>
  <w:Type w:name="aamva_d20:CourtCategoryCodeSimpleType" w:isRequested="false">
    <w:Facet w:facet="enumeration" w:value="ADM"/>
    <w:Facet w:facet="enumeration" w:value="CHA"/>
    <w:Facet w:facet="enumeration" w:value="CIR"/>
    <w:Facet w:facet="enumeration" w:value="CIT"/>
    <w:Facet w:facet="enumeration" w:value="CIV"/>
    <w:Facet w:facet="enumeration" w:value="COC"/>
    <w:Facet w:facet="enumeration" w:value="COR"/>
    <w:Facet w:facet="enumeration" w:value="CRI"/>
    <w:Facet w:facet="enumeration" w:value="DIS"/>
    <w:Facet w:facet="enumeration" w:value="DOT"/>
    <w:Facet w:facet="enumeration" w:value="FED"/>
    <w:Facet w:facet="enumeration" w:value="GEN"/>
    <w:Facet w:facet="enumeration" w:value="HUS"/>
    <w:Facet w:facet="enumeration" w:value="JPC"/>
    <w:Facet w:facet="enumeration" w:value="JUS"/>
    <w:Facet w:facet="enumeration" w:value="JUV"/>
    <w:Facet w:facet="enumeration" w:value="LEC"/>
    <w:Facet w:facet="enumeration" w:value="MAG"/>
    <w:Facet w:facet="enumeration" w:value="MAY"/>
    <w:Facet w:facet="enumeration" w:value="MUN"/>
    <w:Facet w:facet="enumeration" w:value="OTH"/>
    <w:Facet w:facet="enumeration" w:value="POL"/>
    <w:Facet w:facet="enumeration" w:value="SJC"/>
    <w:Facet w:facet="enumeration" w:value="SPL"/>
    <w:Facet w:facet="enumeration" w:value="SSP"/>
    <w:Facet w:facet="enumeration" w:value="SUM"/>
    <w:Facet w:facet="enumeration" w:value="SUP"/>
    <w:Facet w:facet="enumeration" w:value="TJC"/>
    <w:Facet w:facet="enumeration" w:value="TRA"/>
    <w:Facet w:facet="enumeration" w:value="TRI"/>
    <w:Facet w:facet="enumeration" w:value="TWN"/>
    <w:Facet w:facet="enumeration" w:value="UNK"/>
    <w:Facet w:facet="enumeration" w:value="USC"/>
    <w:Facet w:facet="enumeration" w:value="USM"/>
    <w:Facet w:facet="enumeration" w:value="USS"/>
  </w:Type>
  <w:Type w:name="hs:CourtOrderAugmentationType" w:isRequested="false">
    <w:ElementInType w:name="nc:CaseDocketID" w:isReference="false"
      w:minOccurs="0" w:maxOccurs="1"/>
  </w:Type>
  <w:Type w:name="hs:EmployerAugmentationType" w:isRequested="false">
    <w:ElementInType w:name="hs:EmployerName" w:isReference="false"
      w:minOccurs="0" w:maxOccurs="unbounded"/>
  </w:Type>
  <w:Type w:name="j:CaseAugmentationType" w:isRequested="false">
    <w:ElementInType w:name="j:CaseDefendantParty" w:isReference="false"
      w:minOccurs="0" w:maxOccurs="1"/>
  </w:Type>
  <w:Type w:name="j:CourtEventType" w:isRequested="false">
    <w:ElementInType w:name="j:CourtEventCase" w:isReference="false"
      w:minOccurs="0" w:maxOccurs="unbounded"/>
    <w:ElementInType w:name="j:CourtEventCourt" w:isReference="false"
      w:minOccurs="0" w:maxOccurs="1"/>
    <w:ElementInType w:name="j:CourtEventJudge" w:isReference="false"
      w:minOccurs="0" w:maxOccurs="unbounded"/>
    <w:ElementInType w:name="j:CourtEventSchedule" w:isReference="false"
      w:minOccurs="0" w:maxOccurs="1"/>
    <w:ElementInType w:name="j:CourtEventAugmentationPoint"
      w:isReference="false" w:minOccurs="0" w:maxOccurs="1"/>
  </w:Type>
  <w:Type w:name="j:CourtType" w:isRequested="false">
    <w:ElementInType w:name="j:CourtName" w:isReference="false"
      w:minOccurs="0" w:maxOccurs="1"/>
    <w:ElementInType w:name="j:CourtDivisionText" w:isReference="false"
      w:minOccurs="0" w:maxOccurs="1"/>
    <w:ElementInType w:name="j:CourtCategoryAbstract"
      w:isReference="false" w:minOccurs="0" w:maxOccurs="1"/>
  </w:Type>
  <w:Type w:name="j:JudicialOfficialType" w:isRequested="false">
    <w:ElementInType w:name="nc:RoleOfPerson" w:isReference="false"
      w:minOccurs="0" w:maxOccurs="1"/>
    <w:ElementInType
      w:name="j:JudicialOfficialRegistrationIdentification"
      w:isReference="false" w:minOccurs="0" w:maxOccurs="1"/>
    <w:ElementInType w:name="j:JudicialOfficialCategoryText"
      w:isReference="false" w:minOccurs="0" w:maxOccurs="unbounded"/>
  </w:Type>
  <w:Type w:name="nc:ActivityType" w:isRequested="false">
    <w:ElementInType w:name="nc:ActivityStatus" w:isReference="false"
      w:minOccurs="0" w:maxOccurs="1"/>
  </w:Type>
  <w:Type w:name="nc:CaseType" w:isRequested="false">
    <w:ElementInType w:name="nc:CaseGeneralCategoryAbstract"
      w:isReference="false" w:minOccurs="0" w:maxOccurs="1"/>
    <w:ElementInType w:name="nc:CaseDocketID" w:isReference="false"
      w:minOccurs="0" w:maxOccurs="1"/>
    <w:ElementInType w:name="nc:CaseAugmentationPoint"
      w:isReference="false" w:minOccurs="0" w:maxOccurs="unbounded"/>
  </w:Type>
  <w:Type w:name="nc:DateType" w:isRequested="false">
    <w:ElementInType w:name="nc:DateRepresentation"
      w:isReference="false" w:minOccurs="0" w:maxOccurs="1"/>
  </w:Type>
  <w:Type w:name="nc:EmployerType" w:isRequested="false">
    <w:ElementInType w:name="nc:EmployerAugmentationPoint"
      w:isReference="false" w:minOccurs="0" w:maxOccurs="unbounded"/>
  </w:Type>
  <w:Type w:name="nc:EmploymentAssociationType" w:isRequested="false">
    <w:ElementInType w:name="nc:Employer" w:isReference="false"
      w:minOccurs="0" w:maxOccurs="unbounded"/>
    <w:ElementInType w:name="nc:EmploymentStatus" w:isReference="false"
      w:minOccurs="0" w:maxOccurs="unbounded"/>
  </w:Type>
  <w:Type w:name="nc:EntityType" w:isRequested="false">
    <w:ElementInType w:name="nc:EntityRepresentation"
      w:isReference="false" w:minOccurs="0" w:maxOccurs="1"/>
  </w:Type>
  <w:Type w:name="nc:IdentificationType" w:isRequested="false">
    <w:ElementInType w:name="nc:IdentificationID" w:isReference="false"
      w:minOccurs="0" w:maxOccurs="1"/>
  </w:Type>
  <w:Type w:name="nc:LocationPartType" w:isRequested="false">
    <w:ElementInType w:name="nc:LocationRoomText" w:isReference="false"
      w:minOccurs="0" w:maxOccurs="1"/>
  </w:Type>
  <w:Type w:name="nc:LocationType" w:isRequested="false">
    <w:ElementInType w:name="nc:LocationPart" w:isReference="false"
      w:minOccurs="0" w:maxOccurs="1"/>
  </w:Type>
  <w:Type w:name="nc:MetadataType" w:isRequested="true"/>
  <w:Type w:name="nc:OrganizationType" w:isRequested="true">
    <w:ElementInType w:name="nc:OrganizationIdentification"
      w:isReference="false" w:minOccurs="0" w:maxOccurs="1"/>
    <w:ElementInType w:name="nc:OrganizationLocation"
      w:isReference="false" w:minOccurs="0" w:maxOccurs="1"/>
  </w:Type>
  <w:Type w:name="nc:PersonNameType" w:isRequested="false">
    <w:ElementInType w:name="nc:PersonGivenName" w:isReference="false"
      w:minOccurs="0" w:maxOccurs="1"/>
    <w:ElementInType w:name="nc:PersonMiddleName" w:isReference="false"
      w:minOccurs="0" w:maxOccurs="1"/>
    <w:ElementInType w:name="nc:PersonSurName" w:isReference="false"
      w:minOccurs="0" w:maxOccurs="1"/>
    <w:ElementInType w:name="nc:PersonNameSuffixText"
      w:isReference="false" w:minOccurs="0" w:maxOccurs="1"/>
    <w:ElementInType w:name="nc:PersonFullName" w:isReference="false"
      w:minOccurs="0" w:maxOccurs="1"/>
  </w:Type>
  <w:Type w:name="nc:PersonType" w:isRequested="false">
    <w:ElementInType w:name="nc:PersonBirthDate" w:isReference="false"
      w:minOccurs="0" w:maxOccurs="1"/>
    <w:ElementInType w:name="nc:PersonDescriptionText"
      w:isReference="false" w:minOccurs="0" w:maxOccurs="unbounded"/>
    <w:ElementInType w:name="nc:PersonName" w:isReference="false"
      w:minOccurs="0" w:maxOccurs="1"/>
    <w:ElementInType w:name="nc:PersonRaceAbstract"
      w:isReference="false" w:minOccurs="0" w:maxOccurs="1"/>
    <w:ElementInType w:name="nc:PersonSexAbstract" w:isReference="false"
      w:minOccurs="0" w:maxOccurs="1"/>
    <w:ElementInType w:name="nc:PersonSSNIdentification"
      w:isReference="false" w:minOccurs="0" w:maxOccurs="1"/>
    <w:ElementInType w:name="nc:PersonStateIdentification"
      w:isReference="false" w:minOccurs="0" w:maxOccurs="1"/>
    <w:ElementInType w:name="nc:PersonUSCitizenIndicator"
      w:isReference="false" w:minOccurs="0" w:maxOccurs="1"/>
    <w:ElementInType w:name="nc:PersonAugmentationPoint"
      w:isReference="false" w:minOccurs="0" w:maxOccurs="unbounded"/>
  </w:Type>
  <w:Type w:name="nc:ScheduleDayType" w:isRequested="false">
    <w:ElementInType w:name="nc:ScheduleDayAbstract"
      w:isReference="false" w:minOccurs="0" w:maxOccurs="1"/>
  </w:Type>
  <w:Type w:name="nc:StatusType" w:isRequested="false">
    <w:ElementInType w:name="nc:StatusAbstract" w:isReference="false"
      w:minOccurs="0" w:maxOccurs="1"/>
  </w:Type>
</w:WantList>
