<?xml version="1.0" encoding="UTF-8"?>
<!DOCTYPE catalog PUBLIC "-//OASIS//DTD XML Catalogs V1.1//EN" "http://www.oasis-open.org/committees/entity/release/1.1/catalog.dtd">
<catalog prefer="public" xmlns="urn:oasis:names:tc:entity:xmlns:xml:catalog">
  <uri name="http://reference.niem.gov/niem/specification/code-lists/5.0/code-lists-instance/" uri="utility/code-lists-instance.xsd"/>
  <uri name="http://reference.niem.gov/niem/specification/code-lists/5.0/code-lists-schema-appinfo/" uri="utility/code-lists-schema-appinfo.xsd"/>
  <uri name="http://release.niem.gov/niem/appinfo/5.0/" uri="utility/appinfo.xsd"/>
  <uri name="http://release.niem.gov/niem/codes/aamva_d20/5.0/" uri="codes/aamva_d20.xsd"/>
  <uri name="http://release.niem.gov/niem/codes/bls/5.0/" uri="codes/bls.xsd"/>
  <uri name="http://release.niem.gov/niem/codes/dea_ctlsub/5.0/" uri="codes/dea.xsd"/>
  <uri name="http://release.niem.gov/niem/codes/iso_639-3/5.1/" uri="codes/iso_639-3.xsd"/>
  <uri name="http://release.niem.gov/niem/codes/mmucc/5.0/" uri="codes/mmucc.xsd"/>
  <uri name="http://release.niem.gov/niem/codes/ncic/5.2/" uri="codes/ncic.xsd"/>
  <uri name="http://release.niem.gov/niem/codes/ndex/5.0/" uri="codes/ndex.xsd"/>
  <uri name="http://release.niem.gov/niem/codes/ucr/5.1/" uri="codes/ucr.xsd"/>
  <uri name="http://release.niem.gov/niem/codes/unece_rec20/5.0/" uri="codes/unece_rec20.xsd"/>
  <uri name="http://release.niem.gov/niem/conformanceTargets/3.0/" uri="utility/conformanceTargets.xsd"/>
  <uri name="http://release.niem.gov/niem/domains/biometrics/5.2/" uri="domains/biom.xsd"/>
  <uri name="http://release.niem.gov/niem/domains/emergencyManagement/5.2/" uri="domains/emergencyManagement.xsd"/>
  <uri name="http://release.niem.gov/niem/domains/humanServices/5.2/" uri="domains/hs.xsd"/>
  <uri name="http://release.niem.gov/niem/domains/immigration/5.2/" uri="domains/immigration.xsd"/>
  <uri name="http://release.niem.gov/niem/domains/intelligence/5.2/" uri="domains/intelligence.xsd"/>
  <uri name="http://release.niem.gov/niem/domains/jxdm/7.2/" uri="domains/jxdm.xsd"/>
  <uri name="http://release.niem.gov/niem/domains/screening/5.2/" uri="domains/screening.xsd"/>
  <uri name="http://release.niem.gov/niem/domains/surfaceTransportation/5.0/" uri="domains/st.xsd"/>
  <uri name="http://release.niem.gov/niem/niem-core/5.0/" uri="niem-core.xsd"/>
  <uri name="http://release.niem.gov/niem/proxy/niem-xs/5.0/" uri="adapters/niem-xs.xsd"/>
  <uri name="http://release.niem.gov/niem/structures/5.0/" uri="utility/structures.xsd"/>
  <nextCatalog catalog="/xsd/codes/genc/xml-catalog.xml"/>
</catalog>