<?xml version="1.0" encoding="UTF-8"?>
<w:WantList w:release="5.2" w:product="NIEM" w:nillableDefault="true"
  xmlns:nc="http://release.niem.gov/niem/niem-core/5.0/"
  xmlns:w="http://niem.gov/niem/wantlist/2.2"
  xmlns:j="http://release.niem.gov/niem/domains/jxdm/7.2/"
  xmlns:niem-xs="http://release.niem.gov/niem/proxy/niem-xs/5.0/" xmlns:ncic="http://release.niem.gov/niem/codes/ncic/5.2/">
  <w:Element w:name="j:Arrest" w:isReference="false" w:nillable="true"/>
  <w:Element w:name="j:CaseAugmentation" w:isReference="false" w:nillable="false"/>
  <w:Element w:name="nc:AddressCountyName" w:isReference="false" w:nillable="true"/>
  <w:Element w:name="nc:Base64BinaryObject" w:isReference="false" w:nillable="false"/>
  <w:Element w:name="nc:BinaryFormatText" w:isReference="false" w:nillable="false"/>
  <w:Element w:name="nc:CaseGeneralCategoryText" w:isReference="false" w:nillable="false"/>
  <w:Element w:name="nc:ContactEmailID" w:isReference="false" w:nillable="false"/>
  <w:Element w:name="nc:ContactMailingAddress" w:isReference="false" w:nillable="false"/>
  <w:Element w:name="nc:ContactTelephoneNumber" w:isReference="false" w:nillable="false"/>
  <w:Element w:name="nc:CourtCase" w:isReference="false" w:nillable="true"/>
  <w:Element w:name="nc:Date" w:isReference="false" w:nillable="false"/>
  <w:Element w:name="nc:DateTime" w:isReference="false" w:nillable="false"/>
  <w:Element w:name="nc:DocumentBinary" w:isReference="false" w:nillable="false"/>
  <w:Element w:name="nc:EntityPerson" w:isReference="false" w:nillable="false"/>
  <w:Element w:name="nc:Incident" w:isReference="false" w:nillable="false"/>
  <w:Element w:name="ncic:PersonRaceCode" w:isReference="false" w:nillable="false"/>
  <w:Element w:name="ncic:PersonSexCode" w:isReference="false" w:nillable="false"/>
  <w:Type w:name="j:ArrestType" w:isRequested="false">
    <w:ElementInType w:name="j:ArrestCharge" w:isReference="false"
      w:minOccurs="1" w:maxOccurs="unbounded"/>
    <w:ElementInType w:name="j:ArrestAugmentationPoint"
      w:isReference="false" w:minOccurs="0" w:maxOccurs="1"/>
  </w:Type>
  <w:Type w:name="j:CaseAugmentationType" w:isRequested="false">
    <w:ElementInType w:name="j:CaseCourt" w:isReference="false"
      w:minOccurs="1" w:maxOccurs="1"/>
    <w:ElementInType w:name="j:CaseDefendantParty" w:isReference="false"
      w:minOccurs="1" w:maxOccurs="unbounded"/>
  </w:Type>
  <w:Type w:name="j:ChargeType" w:isRequested="false">
    <w:ElementInType w:name="j:ChargeApplicabilityText"
      w:isReference="false" w:minOccurs="0" w:maxOccurs="1"/>
    <w:ElementInType w:name="j:ChargeDescriptionText"
      w:isReference="false" w:minOccurs="0" w:maxOccurs="1"/>
    <w:ElementInType w:name="j:ChargeStatute" w:isReference="false"
      w:minOccurs="0" w:maxOccurs="1"/>
    <w:ElementInType w:name="j:ChargeSeverityDescriptionText"
      w:isReference="false" w:minOccurs="0" w:maxOccurs="1"/>
    <w:ElementInType w:name="j:ChargeAugmentationPoint"
      w:isReference="false" w:minOccurs="0" w:maxOccurs="1"/>
  </w:Type>
  <w:Type w:name="j:CourtType" w:isRequested="false">
    <w:ElementInType w:name="j:CourtAugmentationPoint"
      w:isReference="false" w:minOccurs="0" w:maxOccurs="1"/>
  </w:Type>
  <w:Type w:name="j:StatuteType" w:isRequested="false">
    <w:ElementInType w:name="j:StatuteCodeIdentification"
      w:isReference="false" w:minOccurs="0" w:maxOccurs="1"/>
  </w:Type>
  <w:Type w:name="nc:ActivityType" w:isRequested="false">
    <w:ElementInType w:name="nc:ActivityIdentification"
      w:isReference="false" w:minOccurs="0" w:maxOccurs="1"/>
    <w:ElementInType w:name="nc:ActivityDate" w:isReference="false"
      w:minOccurs="0" w:maxOccurs="1"/>
  </w:Type>
  <w:Type w:name="nc:AddressType" w:isRequested="false">
    <w:ElementInType w:name="nc:AddressFullText" w:isReference="false"
      w:minOccurs="1" w:maxOccurs="1"/>
  </w:Type>
  <w:Type w:name="nc:BinaryType" w:isRequested="false">
    <w:ElementInType w:name="nc:BinaryID" w:isReference="false"
      w:minOccurs="0" w:maxOccurs="1"/>
    <w:ElementInType w:name="nc:BinaryObjectAbstract"
      w:isReference="false" w:minOccurs="0" w:maxOccurs="1"/>
    <w:ElementInType w:name="nc:BinaryFormatAbstract"
      w:isReference="false" w:minOccurs="0" w:maxOccurs="1"/>
    <w:ElementInType w:name="nc:BinaryURI" w:isReference="false"
      w:minOccurs="0" w:maxOccurs="1"/>
    <w:ElementInType w:name="nc:BinarySizeValue" w:isReference="false"
      w:minOccurs="0" w:maxOccurs="1"/>
  </w:Type>
  <w:Type w:name="nc:CaseType" w:isRequested="false">
    <w:ElementInType w:name="nc:CaseGeneralCategoryAbstract"
      w:isReference="false" w:minOccurs="0" w:maxOccurs="1"/>
    <w:ElementInType w:name="nc:CaseTrackingID" w:isReference="false"
      w:minOccurs="0" w:maxOccurs="1"/>
    <w:ElementInType w:name="nc:CaseDocketID" w:isReference="false"
      w:minOccurs="0" w:maxOccurs="1"/>
    <w:ElementInType w:name="nc:CaseAugmentationPoint"
      w:isReference="false" w:minOccurs="0" w:maxOccurs="unbounded"/>
  </w:Type>
  <w:Type w:name="nc:ContactInformationType" w:isRequested="false">
    <w:ElementInType w:name="nc:ContactMeansAbstract"
      w:isReference="false" w:minOccurs="0" w:maxOccurs="unbounded"/>
  </w:Type>
  <w:Type w:name="nc:DateType" w:isRequested="false">
    <w:ElementInType w:name="nc:DateRepresentation"
      w:isReference="false" w:minOccurs="1" w:maxOccurs="1"/>
  </w:Type>
  <w:Type w:name="nc:DocumentType" w:isRequested="true">
    <w:ElementInType w:name="nc:DocumentContentAbstract"
      w:isReference="false" w:minOccurs="0" w:maxOccurs="unbounded"/>
  </w:Type>
  <w:Type w:name="nc:EntityType" w:isRequested="false">
    <w:ElementInType w:name="nc:EntityRepresentation"
      w:isReference="false" w:minOccurs="1" w:maxOccurs="1"/>
  </w:Type>
  <w:Type w:name="nc:IdentificationType" w:isRequested="false">
    <w:ElementInType w:name="nc:IdentificationID" w:isReference="false"
      w:minOccurs="1" w:maxOccurs="1"/>
  </w:Type>
  <w:Type w:name="nc:PersonNameType" w:isRequested="false">
    <w:ElementInType w:name="nc:PersonGivenName" w:isReference="false"
      w:minOccurs="0" w:maxOccurs="1"/>
    <w:ElementInType w:name="nc:PersonMiddleName" w:isReference="false"
      w:minOccurs="0" w:maxOccurs="1"/>
    <w:ElementInType w:name="nc:PersonSurName" w:isReference="false"
      w:minOccurs="0" w:maxOccurs="1"/>
  </w:Type>
  <w:Type w:name="nc:PersonType" w:isRequested="false">
    <w:ElementInType w:name="nc:PersonBirthDate" w:isReference="false"
      w:minOccurs="0" w:maxOccurs="1"/>
    <w:ElementInType w:name="nc:PersonName" w:isReference="false"
      w:minOccurs="1" w:maxOccurs="1"/>
    <w:ElementInType w:name="nc:PersonRaceAbstract"
      w:isReference="false" w:minOccurs="0" w:maxOccurs="1"/>
    <w:ElementInType w:name="nc:PersonSexAbstract" w:isReference="false"
      w:minOccurs="0" w:maxOccurs="1"/>
    <w:ElementInType w:name="nc:PersonStateIdentification"
      w:isReference="false" w:minOccurs="0" w:maxOccurs="1"/>
    <w:ElementInType w:name="nc:PersonContactInformation"
      w:isReference="false" w:minOccurs="0" w:maxOccurs="1"/>
    <w:ElementInType w:name="nc:PersonAugmentationPoint"
      w:isReference="false" w:minOccurs="0" w:maxOccurs="1"/>
  </w:Type>
  <w:Type w:name="ncic:RACECodeSimpleType" w:isRequested="false">
    <w:Facet w:facet="enumeration" w:value="A"/>
    <w:Facet w:facet="enumeration" w:value="B"/>
    <w:Facet w:facet="enumeration" w:value="I"/>
    <w:Facet w:facet="enumeration" w:value="U"/>
    <w:Facet w:facet="enumeration" w:value="W"/>
  </w:Type>
  <w:Type w:name="ncic:SEXCodeSimpleType" w:isRequested="false">
    <w:Facet w:facet="enumeration" w:value="F"/>
    <w:Facet w:facet="enumeration" w:value="M"/>
    <w:Facet w:facet="enumeration" w:value="U"/>
  </w:Type>
  <w:Type w:name="niem-xs:boolean" w:isRequested="true"/>
</w:WantList>
