<?xml version="1.0" encoding="UTF-8"?>
<nola:ArrestExchange xmlns:structures="http://release.niem.gov/niem/structures/5.0/"
 xmlns:ct="http://release.niem.gov/niem/conformanceTargets/3.0/"
 xmlns:appinfo="http://release.niem.gov/niem/appinfo/5.0/"
 xmlns:xsi="http://www.w3.org/2001/XMLSchema-instance"
 xmlns:niem-xs="http://release.niem.gov/niem/proxy/niem-xs/5.0/"
 xmlns:nc="http://release.niem.gov/niem/niem-core/5.0/"
 xmlns:unece="http://release.niem.gov/niem/codes/unece_rec20/5.0/"
 xmlns:j="http://release.niem.gov/niem/domains/jxdm/7.2/"
 xmlns:hs="http://release.niem.gov/niem/domains/humanServices/5.2/"
 xmlns:em="http://release.niem.gov/niem/domains/emergencyManagement/5.2/"
 xmlns:im="http://release.niem.gov/niem/domains/immigration/5.2/"
 xmlns:nola-ext="http://mcp.com/nola/extension/v/1.0/"
 xmlns:clsa="http://reference.niem.gov/niem/specification/code-lists/5.0/code-lists-schema-appinfo/"
 xmlns:aamva_d20="http://release.niem.gov/niem/codes/aamva_d20/5.0/"
 xmlns:ncic="http://release.niem.gov/niem/codes/ncic/5.2/"
 xmlns:cls="http://reference.niem.gov/niem/specification/code-lists/5.0/code-lists-instance/"
 xmlns:cbrncl="http://release.niem.gov/niem/codes/cbrncl/5.0/"
 xmlns:jc3iedm="http://release.niem.gov/niem/codes/jc3iedm/5.0/"
 xmlns:nola="http://mcp.com/nola/v/1.0/"
 xmlns:mmucc="http://release.niem.gov/niem/codes/mmucc/5.0/"
 xmlns:ucr="http://release.niem.gov/niem/codes/ucr/5.1/"
 xmlns:ndex="http://release.niem.gov/niem/codes/ndex/5.0/"
 xsi:schemaLocation="http://mcp.com/nola/v/1.0/ file:/C:/Users/azureadmin/Downloads/ArrestExchange/Arrest_NOLA.xsd">
    <j:Arrest>
        <nc:ActivityIdentification>
            <nc:IdentificationID>string</nc:IdentificationID>
            <nc:IdentificationJurisdiction>
                <nc:JurisdictionLocation>
                    <nc:LocationDescriptionText>string</nc:LocationDescriptionText>
                    <nc:LocationLocale>
                        <nc:LocaleDistrictName>string</nc:LocaleDistrictName>
                    </nc:LocationLocale>
                    <j:LocationAugmentation>
                        <j:LocationBlockNumberText>string</j:LocationBlockNumberText>
                    </j:LocationAugmentation>
                    <j:LocationAugmentation>
                        <j:LocationBlockNumberText>string</j:LocationBlockNumberText>
                    </j:LocationAugmentation>
                </nc:JurisdictionLocation>
            </nc:IdentificationJurisdiction>
            <nc:IdentificationExpirationDate>
<!--                <nc:Date>2006-05-04</nc:Date>-->
                <nc:DateTime>2006-05-04T18:13:51.0</nc:DateTime>
            </nc:IdentificationExpirationDate>
        </nc:ActivityIdentification>
        <nc:ActivityDate>
            <nc:Date>2006-05-04</nc:Date>
<!--            <nc:DateTime>2006-05-04T18:13:51.0</nc:DateTime>-->
        </nc:ActivityDate>
        <nc:ActivityDescriptionText>string</nc:ActivityDescriptionText>
        <nc:ActivityLocation>
            <nc:LocationDescriptionText>string</nc:LocationDescriptionText>
            <nc:LocationLocale>
                <nc:LocaleDistrictName>string</nc:LocaleDistrictName>
            </nc:LocationLocale>
            <j:LocationAugmentation>
                <j:LocationBlockNumberText>string</j:LocationBlockNumberText>
            </j:LocationAugmentation>
            <j:LocationAugmentation>
                <j:LocationBlockNumberText>string</j:LocationBlockNumberText>
            </j:LocationAugmentation>
        </nc:ActivityLocation>
        <nc:ActivityReasonText>string</nc:ActivityReasonText>
        <nc:ActivityStatus>
            <nc:StatusDescriptionText>string</nc:StatusDescriptionText>
            <nc:StatusDate>
<!--                <nc:Date>2006-05-04</nc:Date>-->
                <nc:DateTime>2006-05-04T18:13:51.0</nc:DateTime>
            </nc:StatusDate>
        </nc:ActivityStatus>
        <j:ActivityAugmentation/>
        <j:ActivityAugmentation/>
        <j:ArrestAgency>
            <nc:OrganizationDescriptionText>string</nc:OrganizationDescriptionText>
            <nc:OrganizationIdentification>
                <nc:IdentificationID>string</nc:IdentificationID>
                <nc:IdentificationJurisdiction>
                    <nc:JurisdictionLocation>
                        <nc:LocationDescriptionText>string</nc:LocationDescriptionText>
                        <nc:LocationLocale>
                            <nc:LocaleDistrictName>string</nc:LocaleDistrictName>
                        </nc:LocationLocale>
                        <j:LocationAugmentation>
                            <j:LocationBlockNumberText>string</j:LocationBlockNumberText>
                        </j:LocationAugmentation>
                        <j:LocationAugmentation>
                            <j:LocationBlockNumberText>string</j:LocationBlockNumberText>
                        </j:LocationAugmentation>
                    </nc:JurisdictionLocation>
                </nc:IdentificationJurisdiction>
                <nc:IdentificationExpirationDate>
                    <nc:Date>2006-05-04</nc:Date>
<!--                    <nc:DateTime>2006-05-04T18:13:51.0</nc:DateTime>-->
                </nc:IdentificationExpirationDate>
            </nc:OrganizationIdentification>
            <nc:OrganizationName>string</nc:OrganizationName>
            <nc:OrganizationSubUnit>
                <nc:OrganizationDescriptionText>string</nc:OrganizationDescriptionText>
                <nc:OrganizationIdentification>
                    <nc:IdentificationID>string</nc:IdentificationID>
                    <nc:IdentificationJurisdiction>
                        <nc:JurisdictionLocation>
                            <nc:LocationDescriptionText>string</nc:LocationDescriptionText>
                            <nc:LocationLocale>
                                <nc:LocaleDistrictName>string</nc:LocaleDistrictName>
                            </nc:LocationLocale>
                            <j:LocationAugmentation>
                                <j:LocationBlockNumberText>string</j:LocationBlockNumberText>
                            </j:LocationAugmentation>
                            <j:LocationAugmentation>
                                <j:LocationBlockNumberText>string</j:LocationBlockNumberText>
                            </j:LocationAugmentation>
                        </nc:JurisdictionLocation>
                    </nc:IdentificationJurisdiction>
                    <nc:IdentificationExpirationDate>
                        <nc:Date>2006-05-04</nc:Date>
<!--                        <nc:DateTime>2006-05-04T18:13:51.0</nc:DateTime>-->
                    </nc:IdentificationExpirationDate>
                </nc:OrganizationIdentification>
                <nc:OrganizationName>string</nc:OrganizationName>
            </nc:OrganizationSubUnit>
        </j:ArrestAgency>
        <j:ArrestCharge>
            <j:ChargeCountQuantity>50</j:ChargeCountQuantity>
            <j:ChargeDescriptionText>string</j:ChargeDescriptionText>
            <j:ChargeSequenceID>string</j:ChargeSequenceID>
            <j:ChargeSeverityLevel>
            </j:ChargeSeverityLevel>
            <j:ChargeStatus>
                <nc:StatusDescriptionText>string</nc:StatusDescriptionText>
                <nc:StatusDate>
                    <nc:Date>2006-05-04</nc:Date>
<!--                    <nc:DateTime>2006-05-04T18:13:51.0</nc:DateTime>-->
                </nc:StatusDate>
            </j:ChargeStatus>
            <j:ChargeVictim>
                <j:VictimIdentification>
                    <nc:IdentificationID>string</nc:IdentificationID>
                    <nc:IdentificationJurisdiction>
                        <nc:JurisdictionLocation>
                            <nc:LocationDescriptionText>string</nc:LocationDescriptionText>
                            <nc:LocationLocale>
                                <nc:LocaleDistrictName>string</nc:LocaleDistrictName>
                            </nc:LocationLocale>
                            <j:LocationAugmentation>
                                <j:LocationBlockNumberText>string</j:LocationBlockNumberText>
                            </j:LocationAugmentation>
                            <j:LocationAugmentation>
                                <j:LocationBlockNumberText>string</j:LocationBlockNumberText>
                            </j:LocationAugmentation>
                        </nc:JurisdictionLocation>
                    </nc:IdentificationJurisdiction>
                    <nc:IdentificationExpirationDate>
                        <nc:Date>2006-05-04</nc:Date>
<!--                        <nc:DateTime>2006-05-04T18:13:51.0</nc:DateTime>-->
                    </nc:IdentificationExpirationDate>
                </j:VictimIdentification>
            </j:ChargeVictim>
            <j:ChargeVictim>
                <j:VictimIdentification>
                    <nc:IdentificationID>string</nc:IdentificationID>
                    <nc:IdentificationJurisdiction>
                        <nc:JurisdictionLocation>
                            <nc:LocationDescriptionText>string</nc:LocationDescriptionText>
                            <nc:LocationLocale>
                                <nc:LocaleDistrictName>string</nc:LocaleDistrictName>
                            </nc:LocationLocale>
                            <j:LocationAugmentation>
                                <j:LocationBlockNumberText>string</j:LocationBlockNumberText>
                            </j:LocationAugmentation>
                            <j:LocationAugmentation>
                                <j:LocationBlockNumberText>string</j:LocationBlockNumberText>
                            </j:LocationAugmentation>
                        </nc:JurisdictionLocation>
                    </nc:IdentificationJurisdiction>
                    <nc:IdentificationExpirationDate>
                        <nc:Date>2006-05-04</nc:Date>
<!--                        <nc:DateTime>2006-05-04T18:13:51.0</nc:DateTime>-->
                    </nc:IdentificationExpirationDate>
                </j:VictimIdentification>
            </j:ChargeVictim>
            <j:ChargeSeverityDescriptionText>string</j:ChargeSeverityDescriptionText>
            <nola-ext:ChargeAugmentation>
                <j:Bail>
                    <nc:ActivityIdentification>
                        <nc:IdentificationID>string</nc:IdentificationID>
                        <nc:IdentificationJurisdiction>
                            <nc:JurisdictionLocation>
                                <nc:LocationDescriptionText>string</nc:LocationDescriptionText>
                                <nc:LocationLocale>
                                    <nc:LocaleDistrictName>string</nc:LocaleDistrictName>
                                </nc:LocationLocale>
                                <j:LocationAugmentation>
                                    <j:LocationBlockNumberText>string</j:LocationBlockNumberText>
                                </j:LocationAugmentation>
                                <j:LocationAugmentation>
                                    <j:LocationBlockNumberText>string</j:LocationBlockNumberText>
                                </j:LocationAugmentation>
                            </nc:JurisdictionLocation>
                        </nc:IdentificationJurisdiction>
                        <nc:IdentificationExpirationDate>
<!--                            <nc:Date>2006-05-04</nc:Date>-->
                            <nc:DateTime>2006-05-04T18:13:51.0</nc:DateTime>
                        </nc:IdentificationExpirationDate>
                    </nc:ActivityIdentification>
                    <nc:ActivityDate>
                        <nc:Date>2006-05-04</nc:Date>
<!--                        <nc:DateTime>2006-05-04T18:13:51.0</nc:DateTime>-->
                    </nc:ActivityDate>
                    <nc:ActivityDescriptionText>string</nc:ActivityDescriptionText>
                    <nc:ActivityLocation>
                        <nc:LocationDescriptionText>string</nc:LocationDescriptionText>
                        <nc:LocationLocale>
                            <nc:LocaleDistrictName>string</nc:LocaleDistrictName>
                        </nc:LocationLocale>
                        <j:LocationAugmentation>
                            <j:LocationBlockNumberText>string</j:LocationBlockNumberText>
                        </j:LocationAugmentation>
                        <j:LocationAugmentation>
                            <j:LocationBlockNumberText>string</j:LocationBlockNumberText>
                        </j:LocationAugmentation>
                    </nc:ActivityLocation>
                    <nc:ActivityReasonText>string</nc:ActivityReasonText>
                    <nc:ActivityStatus>
                        <nc:StatusDescriptionText>string</nc:StatusDescriptionText>
                        <nc:StatusDate>
<!--                            <nc:Date>2006-05-04</nc:Date>-->
                            <nc:DateTime>2006-05-04T18:13:51.0</nc:DateTime>
                        </nc:StatusDate>
                    </nc:ActivityStatus>
                    <j:ActivityAugmentation/>
                    <j:ActivityAugmentation/>
                    <j:BailSetAmount>
                        <nc:Amount>0</nc:Amount>
                    </j:BailSetAmount>
                </j:Bail>
                <nola-ext:CollateralBondAmountPaid>
                    <nc:Amount>0</nc:Amount>
                </nola-ext:CollateralBondAmountPaid>
                <nola-ext:CollateralBondReceiptNumber>string</nola-ext:CollateralBondReceiptNumber>
                <nola-ext:ChargeKey>string</nola-ext:ChargeKey>
                <nola-ext:ChargeLIBRSCode>string</nola-ext:ChargeLIBRSCode>
                <nc:SourceText>string</nc:SourceText>
                <j:OffenseUCRCode>AGGRAVATED_ASSAULT</j:OffenseUCRCode>
                <nola-ext:JMSChargeNumber>string</nola-ext:JMSChargeNumber>
                <nola-ext:OffenseNIBRSCode>string</nola-ext:OffenseNIBRSCode>
                <nola-ext:StatewideArrestTrackingNumber>string</nola-ext:StatewideArrestTrackingNumber>
                <nola-ext:StatewideATNChargeSequenceID>string</nola-ext:StatewideATNChargeSequenceID>
                <j:OffenseChargeAssociation>
                    <j:Offense>
                        <nc:ActivityIdentification>
                            <nc:IdentificationID>string</nc:IdentificationID>
                            <nc:IdentificationJurisdiction>
                                <nc:JurisdictionLocation>
                                    <nc:LocationDescriptionText>string</nc:LocationDescriptionText>
                                    <nc:LocationLocale>
                                        <nc:LocaleDistrictName>string</nc:LocaleDistrictName>
                                    </nc:LocationLocale>
                                    <j:LocationAugmentation>
                                        <j:LocationBlockNumberText>string</j:LocationBlockNumberText>
                                    </j:LocationAugmentation>
                                    <j:LocationAugmentation>
                                        <j:LocationBlockNumberText>string</j:LocationBlockNumberText>
                                    </j:LocationAugmentation>
                                </nc:JurisdictionLocation>
                            </nc:IdentificationJurisdiction>
                            <nc:IdentificationExpirationDate>
<!--                                <nc:Date>2006-05-04</nc:Date>-->
                                <nc:DateTime>2006-05-04T18:13:51.0</nc:DateTime>
                            </nc:IdentificationExpirationDate>
                        </nc:ActivityIdentification>
                        <nc:ActivityDate>
<!--                            <nc:Date>2006-05-04</nc:Date>-->
                            <nc:DateTime>2006-05-04T18:13:51.0</nc:DateTime>
                        </nc:ActivityDate>
                        <nc:ActivityDescriptionText>string</nc:ActivityDescriptionText>
                        <nc:ActivityLocation>
                            <nc:LocationDescriptionText>string</nc:LocationDescriptionText>
                            <nc:LocationLocale>
                                <nc:LocaleDistrictName>string</nc:LocaleDistrictName>
                            </nc:LocationLocale>
                            <j:LocationAugmentation>
                                <j:LocationBlockNumberText>string</j:LocationBlockNumberText>
                            </j:LocationAugmentation>
                            <j:LocationAugmentation>
                                <j:LocationBlockNumberText>string</j:LocationBlockNumberText>
                            </j:LocationAugmentation>
                        </nc:ActivityLocation>
                        <nc:ActivityReasonText>string</nc:ActivityReasonText>
                        <nc:ActivityStatus>
                            <nc:StatusDescriptionText>string</nc:StatusDescriptionText>
                            <nc:StatusDate>
<!--                                <nc:Date>2006-05-04</nc:Date>-->
                                <nc:DateTime>2006-05-04T18:13:51.0</nc:DateTime>
                            </nc:StatusDate>
                        </nc:ActivityStatus>
                        <j:ActivityAugmentation/>
                        <j:ActivityAugmentation/>
                        <j:JuvenileOffenderIndicator>false</j:JuvenileOffenderIndicator>
                    </j:Offense>
                    <j:Offense>
                        <nc:ActivityIdentification>
                            <nc:IdentificationID>string</nc:IdentificationID>
                            <nc:IdentificationJurisdiction>
                                <nc:JurisdictionLocation>
                                    <nc:LocationDescriptionText>string</nc:LocationDescriptionText>
                                    <nc:LocationLocale>
                                        <nc:LocaleDistrictName>string</nc:LocaleDistrictName>
                                    </nc:LocationLocale>
                                    <j:LocationAugmentation>
                                        <j:LocationBlockNumberText>string</j:LocationBlockNumberText>
                                    </j:LocationAugmentation>
                                    <j:LocationAugmentation>
                                        <j:LocationBlockNumberText>string</j:LocationBlockNumberText>
                                    </j:LocationAugmentation>
                                </nc:JurisdictionLocation>
                            </nc:IdentificationJurisdiction>
                            <nc:IdentificationExpirationDate>
<!--                                <nc:Date>2006-05-04</nc:Date>-->
                                <nc:DateTime>2006-05-04T18:13:51.0</nc:DateTime>
                            </nc:IdentificationExpirationDate>
                        </nc:ActivityIdentification>
                        <nc:ActivityDate>
                            <nc:Date>2006-05-04</nc:Date>
<!--                            <nc:DateTime>2006-05-04T18:13:51.0</nc:DateTime>-->
                        </nc:ActivityDate>
                        <nc:ActivityDescriptionText>string</nc:ActivityDescriptionText>
                        <nc:ActivityLocation>
                            <nc:LocationDescriptionText>string</nc:LocationDescriptionText>
                            <nc:LocationLocale>
                                <nc:LocaleDistrictName>string</nc:LocaleDistrictName>
                            </nc:LocationLocale>
                            <j:LocationAugmentation>
                                <j:LocationBlockNumberText>string</j:LocationBlockNumberText>
                            </j:LocationAugmentation>
                            <j:LocationAugmentation>
                                <j:LocationBlockNumberText>string</j:LocationBlockNumberText>
                            </j:LocationAugmentation>
                        </nc:ActivityLocation>
                        <nc:ActivityReasonText>string</nc:ActivityReasonText>
                        <nc:ActivityStatus>
                            <nc:StatusDescriptionText>string</nc:StatusDescriptionText>
                            <nc:StatusDate>
                                <nc:Date>2006-05-04</nc:Date>
<!--                                <nc:DateTime>2006-05-04T18:13:51.0</nc:DateTime>-->
                            </nc:StatusDate>
                        </nc:ActivityStatus>
                        <j:ActivityAugmentation/>
                        <j:ActivityAugmentation/>
                        <j:JuvenileOffenderIndicator>false</j:JuvenileOffenderIndicator>
                    </j:Offense>
                </j:OffenseChargeAssociation>
            </nola-ext:ChargeAugmentation>
        </j:ArrestCharge>
        <j:ArrestCharge>
            <j:ChargeCountQuantity>50</j:ChargeCountQuantity>
            <j:ChargeDescriptionText>string</j:ChargeDescriptionText>
            <j:ChargeSequenceID>string</j:ChargeSequenceID>
            <j:ChargeSeverityLevel>
            </j:ChargeSeverityLevel>
            <j:ChargeStatus>
                <nc:StatusDescriptionText>string</nc:StatusDescriptionText>
                <nc:StatusDate>
                    <nc:Date>2006-05-04</nc:Date>
<!--                    <nc:DateTime>2006-05-04T18:13:51.0</nc:DateTime>-->
                </nc:StatusDate>
            </j:ChargeStatus>
            <j:ChargeVictim>
                <j:VictimIdentification>
                    <nc:IdentificationID>string</nc:IdentificationID>
                    <nc:IdentificationJurisdiction>
                        <nc:JurisdictionLocation>
                            <nc:LocationDescriptionText>string</nc:LocationDescriptionText>
                            <nc:LocationLocale>
                                <nc:LocaleDistrictName>string</nc:LocaleDistrictName>
                            </nc:LocationLocale>
                            <j:LocationAugmentation>
                                <j:LocationBlockNumberText>string</j:LocationBlockNumberText>
                            </j:LocationAugmentation>
                            <j:LocationAugmentation>
                                <j:LocationBlockNumberText>string</j:LocationBlockNumberText>
                            </j:LocationAugmentation>
                        </nc:JurisdictionLocation>
                    </nc:IdentificationJurisdiction>
                    <nc:IdentificationExpirationDate>
                        <nc:Date>2006-05-04</nc:Date>
<!--                        <nc:DateTime>2006-05-04T18:13:51.0</nc:DateTime>-->
                    </nc:IdentificationExpirationDate>
                </j:VictimIdentification>
            </j:ChargeVictim>
            <j:ChargeVictim>
                <j:VictimIdentification>
                    <nc:IdentificationID>string</nc:IdentificationID>
                    <nc:IdentificationJurisdiction>
                        <nc:JurisdictionLocation>
                            <nc:LocationDescriptionText>string</nc:LocationDescriptionText>
                            <nc:LocationLocale>
                                <nc:LocaleDistrictName>string</nc:LocaleDistrictName>
                            </nc:LocationLocale>
                            <j:LocationAugmentation>
                                <j:LocationBlockNumberText>string</j:LocationBlockNumberText>
                            </j:LocationAugmentation>
                            <j:LocationAugmentation>
                                <j:LocationBlockNumberText>string</j:LocationBlockNumberText>
                            </j:LocationAugmentation>
                        </nc:JurisdictionLocation>
                    </nc:IdentificationJurisdiction>
                    <nc:IdentificationExpirationDate>
                        <nc:Date>2006-05-04</nc:Date>
<!--                        <nc:DateTime>2006-05-04T18:13:51.0</nc:DateTime>-->
                    </nc:IdentificationExpirationDate>
                </j:VictimIdentification>
            </j:ChargeVictim>
            <j:ChargeSeverityDescriptionText>string</j:ChargeSeverityDescriptionText>
            <nola-ext:ChargeAugmentation>
                <j:Bail>
                    <nc:ActivityIdentification>
                        <nc:IdentificationID>string</nc:IdentificationID>
                        <nc:IdentificationJurisdiction>
                            <nc:JurisdictionLocation>
                                <nc:LocationDescriptionText>string</nc:LocationDescriptionText>
                                <nc:LocationLocale>
                                    <nc:LocaleDistrictName>string</nc:LocaleDistrictName>
                                </nc:LocationLocale>
                                <j:LocationAugmentation>
                                    <j:LocationBlockNumberText>string</j:LocationBlockNumberText>
                                </j:LocationAugmentation>
                                <j:LocationAugmentation>
                                    <j:LocationBlockNumberText>string</j:LocationBlockNumberText>
                                </j:LocationAugmentation>
                            </nc:JurisdictionLocation>
                        </nc:IdentificationJurisdiction>
                        <nc:IdentificationExpirationDate>
<!--                            <nc:Date>2006-05-04</nc:Date>-->
                            <nc:DateTime>2006-05-04T18:13:51.0</nc:DateTime>
                        </nc:IdentificationExpirationDate>
                    </nc:ActivityIdentification>
                    <nc:ActivityDate>
                        <nc:Date>2006-05-04</nc:Date>
<!--                        <nc:DateTime>2006-05-04T18:13:51.0</nc:DateTime>-->
                    </nc:ActivityDate>
                    <nc:ActivityDescriptionText>string</nc:ActivityDescriptionText>
                    <nc:ActivityLocation>
                        <nc:LocationDescriptionText>string</nc:LocationDescriptionText>
                        <nc:LocationLocale>
                            <nc:LocaleDistrictName>string</nc:LocaleDistrictName>
                        </nc:LocationLocale>
                        <j:LocationAugmentation>
                            <j:LocationBlockNumberText>string</j:LocationBlockNumberText>
                        </j:LocationAugmentation>
                        <j:LocationAugmentation>
                            <j:LocationBlockNumberText>string</j:LocationBlockNumberText>
                        </j:LocationAugmentation>
                    </nc:ActivityLocation>
                    <nc:ActivityReasonText>string</nc:ActivityReasonText>
                    <nc:ActivityStatus>
                        <nc:StatusDescriptionText>string</nc:StatusDescriptionText>
                        <nc:StatusDate>
<!--                            <nc:Date>2006-05-04</nc:Date>-->
                            <nc:DateTime>2006-05-04T18:13:51.0</nc:DateTime>
                        </nc:StatusDate>
                    </nc:ActivityStatus>
                    <j:ActivityAugmentation/>
                    <j:ActivityAugmentation/>
                    <j:BailSetAmount>
                        <nc:Amount>0</nc:Amount>
                    </j:BailSetAmount>
                </j:Bail>
                <nola-ext:CollateralBondAmountPaid>
                    <nc:Amount>0</nc:Amount>
                </nola-ext:CollateralBondAmountPaid>
                <nola-ext:CollateralBondReceiptNumber>string</nola-ext:CollateralBondReceiptNumber>
                <nola-ext:ChargeKey>string</nola-ext:ChargeKey>
                <nola-ext:ChargeLIBRSCode>string</nola-ext:ChargeLIBRSCode>
                <nc:SourceText>string</nc:SourceText>
                <j:OffenseUCRCode>AGGRAVATED_ASSAULT</j:OffenseUCRCode>
                <nola-ext:JMSChargeNumber>string</nola-ext:JMSChargeNumber>
                <nola-ext:OffenseNIBRSCode>string</nola-ext:OffenseNIBRSCode>
                <nola-ext:StatewideArrestTrackingNumber>string</nola-ext:StatewideArrestTrackingNumber>
                <nola-ext:StatewideATNChargeSequenceID>string</nola-ext:StatewideATNChargeSequenceID>
                <j:OffenseChargeAssociation>
                    <j:Offense>
                        <nc:ActivityIdentification>
                            <nc:IdentificationID>string</nc:IdentificationID>
                            <nc:IdentificationJurisdiction>
                                <nc:JurisdictionLocation>
                                    <nc:LocationDescriptionText>string</nc:LocationDescriptionText>
                                    <nc:LocationLocale>
                                        <nc:LocaleDistrictName>string</nc:LocaleDistrictName>
                                    </nc:LocationLocale>
                                    <j:LocationAugmentation>
                                        <j:LocationBlockNumberText>string</j:LocationBlockNumberText>
                                    </j:LocationAugmentation>
                                    <j:LocationAugmentation>
                                        <j:LocationBlockNumberText>string</j:LocationBlockNumberText>
                                    </j:LocationAugmentation>
                                </nc:JurisdictionLocation>
                            </nc:IdentificationJurisdiction>
                            <nc:IdentificationExpirationDate>
                                <nc:Date>2006-05-04</nc:Date>
<!--                                <nc:DateTime>2006-05-04T18:13:51.0</nc:DateTime>-->
                            </nc:IdentificationExpirationDate>
                        </nc:ActivityIdentification>
                        <nc:ActivityDate>
<!--                            <nc:Date>2006-05-04</nc:Date>-->
                            <nc:DateTime>2006-05-04T18:13:51.0</nc:DateTime>
                        </nc:ActivityDate>
                        <nc:ActivityDescriptionText>string</nc:ActivityDescriptionText>
                        <nc:ActivityLocation>
                            <nc:LocationDescriptionText>string</nc:LocationDescriptionText>
                            <nc:LocationLocale>
                                <nc:LocaleDistrictName>string</nc:LocaleDistrictName>
                            </nc:LocationLocale>
                            <j:LocationAugmentation>
                                <j:LocationBlockNumberText>string</j:LocationBlockNumberText>
                            </j:LocationAugmentation>
                            <j:LocationAugmentation>
                                <j:LocationBlockNumberText>string</j:LocationBlockNumberText>
                            </j:LocationAugmentation>
                        </nc:ActivityLocation>
                        <nc:ActivityReasonText>string</nc:ActivityReasonText>
                        <nc:ActivityStatus>
                            <nc:StatusDescriptionText>string</nc:StatusDescriptionText>
                            <nc:StatusDate>
<!--                                <nc:Date>2006-05-04</nc:Date>-->
                                <nc:DateTime>2006-05-04T18:13:51.0</nc:DateTime>
                            </nc:StatusDate>
                        </nc:ActivityStatus>
                        <j:ActivityAugmentation/>
                        <j:ActivityAugmentation/>
                        <j:JuvenileOffenderIndicator>false</j:JuvenileOffenderIndicator>
                    </j:Offense>
                    <j:Offense>
                        <nc:ActivityIdentification>
                            <nc:IdentificationID>string</nc:IdentificationID>
                            <nc:IdentificationJurisdiction>
                                <nc:JurisdictionLocation>
                                    <nc:LocationDescriptionText>string</nc:LocationDescriptionText>
                                    <nc:LocationLocale>
                                        <nc:LocaleDistrictName>string</nc:LocaleDistrictName>
                                    </nc:LocationLocale>
                                    <j:LocationAugmentation>
                                        <j:LocationBlockNumberText>string</j:LocationBlockNumberText>
                                    </j:LocationAugmentation>
                                    <j:LocationAugmentation>
                                        <j:LocationBlockNumberText>string</j:LocationBlockNumberText>
                                    </j:LocationAugmentation>
                                </nc:JurisdictionLocation>
                            </nc:IdentificationJurisdiction>
                            <nc:IdentificationExpirationDate>
<!--                                <nc:Date>2006-05-04</nc:Date>-->
                                <nc:DateTime>2006-05-04T18:13:51.0</nc:DateTime>
                            </nc:IdentificationExpirationDate>
                        </nc:ActivityIdentification>
                        <nc:ActivityDate>
                            <nc:Date>2006-05-04</nc:Date>
<!--                            <nc:DateTime>2006-05-04T18:13:51.0</nc:DateTime>-->
                        </nc:ActivityDate>
                        <nc:ActivityDescriptionText>string</nc:ActivityDescriptionText>
                        <nc:ActivityLocation>
                            <nc:LocationDescriptionText>string</nc:LocationDescriptionText>
                            <nc:LocationLocale>
                                <nc:LocaleDistrictName>string</nc:LocaleDistrictName>
                            </nc:LocationLocale>
                            <j:LocationAugmentation>
                                <j:LocationBlockNumberText>string</j:LocationBlockNumberText>
                            </j:LocationAugmentation>
                            <j:LocationAugmentation>
                                <j:LocationBlockNumberText>string</j:LocationBlockNumberText>
                            </j:LocationAugmentation>
                        </nc:ActivityLocation>
                        <nc:ActivityReasonText>string</nc:ActivityReasonText>
                        <nc:ActivityStatus>
                            <nc:StatusDescriptionText>string</nc:StatusDescriptionText>
                            <nc:StatusDate>
<!--                                <nc:Date>2006-05-04</nc:Date>-->
                                <nc:DateTime>2006-05-04T18:13:51.0</nc:DateTime>
                            </nc:StatusDate>
                        </nc:ActivityStatus>
                        <j:ActivityAugmentation/>
                        <j:ActivityAugmentation/>
                        <j:JuvenileOffenderIndicator>false</j:JuvenileOffenderIndicator>
                    </j:Offense>
                </j:OffenseChargeAssociation>
            </nola-ext:ChargeAugmentation>
        </j:ArrestCharge>
        <j:ArrestInvolvedItem>
            <nc:ItemDescriptionText>string</nc:ItemDescriptionText>
            <nc:ItemDisposition>
                <nc:DispositionText>string</nc:DispositionText>
            </nc:ItemDisposition>
<!--            <nc:ItemMakeName>string</nc:ItemMakeName>-->
            <ncic:ItemMakeCode>3M</ncic:ItemMakeCode>
            <nc:ItemModelName>string</nc:ItemModelName>
            <nc:ItemModelYearDate>2006</nc:ItemModelYearDate>
            <nc:ItemName>string</nc:ItemName>
            <nc:ItemOtherIdentification>
                <nc:IdentificationID>string</nc:IdentificationID>
                <nc:IdentificationJurisdiction>
                    <nc:JurisdictionLocation>
                        <nc:LocationDescriptionText>string</nc:LocationDescriptionText>
                        <nc:LocationLocale>
                            <nc:LocaleDistrictName>string</nc:LocaleDistrictName>
                        </nc:LocationLocale>
                        <j:LocationAugmentation>
                            <j:LocationBlockNumberText>string</j:LocationBlockNumberText>
                        </j:LocationAugmentation>
                        <j:LocationAugmentation>
                            <j:LocationBlockNumberText>string</j:LocationBlockNumberText>
                        </j:LocationAugmentation>
                    </nc:JurisdictionLocation>
                </nc:IdentificationJurisdiction>
                <nc:IdentificationExpirationDate>
                    <nc:Date>2006-05-04</nc:Date>
<!--                    <nc:DateTime>2006-05-04T18:13:51.0</nc:DateTime>-->
                </nc:IdentificationExpirationDate>
            </nc:ItemOtherIdentification>
            <nc:ItemPossessionDescriptionText>string</nc:ItemPossessionDescriptionText>
            <nc:ItemQuantity>0</nc:ItemQuantity>
            <nc:ItemSerialIdentification>
                <nc:IdentificationID>string</nc:IdentificationID>
                <nc:IdentificationJurisdiction>
                    <nc:JurisdictionLocation>
                        <nc:LocationDescriptionText>string</nc:LocationDescriptionText>
                        <nc:LocationLocale>
                            <nc:LocaleDistrictName>string</nc:LocaleDistrictName>
                        </nc:LocationLocale>
                        <j:LocationAugmentation>
                            <j:LocationBlockNumberText>string</j:LocationBlockNumberText>
                        </j:LocationAugmentation>
                        <j:LocationAugmentation>
                            <j:LocationBlockNumberText>string</j:LocationBlockNumberText>
                        </j:LocationAugmentation>
                    </nc:JurisdictionLocation>
                </nc:IdentificationJurisdiction>
                <nc:IdentificationExpirationDate>
                    <nc:Date>2006-05-04</nc:Date>
<!--                    <nc:DateTime>2006-05-04T18:13:51.0</nc:DateTime>-->
                </nc:IdentificationExpirationDate>
            </nc:ItemSerialIdentification>
            <nc:ItemStatus>
                <nc:StatusDescriptionText>string</nc:StatusDescriptionText>
                <nc:StatusDate>
                    <nc:Date>2006-05-04</nc:Date>
<!--                    <nc:DateTime>2006-05-04T18:13:51.0</nc:DateTime>-->
                </nc:StatusDate>
            </nc:ItemStatus>
        </j:ArrestInvolvedItem>
        <j:ArrestInvolvedWeapon>
            <nc:RoleOfItem>
                <nc:ItemDescriptionText>string</nc:ItemDescriptionText>
                <nc:ItemDisposition>
                    <nc:DispositionText>string</nc:DispositionText>
                </nc:ItemDisposition>
                <nc:ItemMakeName>string</nc:ItemMakeName>
<!--                <ncic:ItemMakeCode>3M</ncic:ItemMakeCode>-->
                <nc:ItemModelName>string</nc:ItemModelName>
                <nc:ItemModelYearDate>2006</nc:ItemModelYearDate>
                <nc:ItemName>string</nc:ItemName>
                <nc:ItemOtherIdentification>
                    <nc:IdentificationID>string</nc:IdentificationID>
                    <nc:IdentificationJurisdiction>
                        <nc:JurisdictionLocation>
                            <nc:LocationDescriptionText>string</nc:LocationDescriptionText>
                            <nc:LocationLocale>
                                <nc:LocaleDistrictName>string</nc:LocaleDistrictName>
                            </nc:LocationLocale>
                            <j:LocationAugmentation>
                                <j:LocationBlockNumberText>string</j:LocationBlockNumberText>
                            </j:LocationAugmentation>
                            <j:LocationAugmentation>
                                <j:LocationBlockNumberText>string</j:LocationBlockNumberText>
                            </j:LocationAugmentation>
                        </nc:JurisdictionLocation>
                    </nc:IdentificationJurisdiction>
                    <nc:IdentificationExpirationDate>
                        <nc:Date>2006-05-04</nc:Date>
<!--                        <nc:DateTime>2006-05-04T18:13:51.0</nc:DateTime>-->
                    </nc:IdentificationExpirationDate>
                </nc:ItemOtherIdentification>
                <nc:ItemPossessionDescriptionText>string</nc:ItemPossessionDescriptionText>
                <nc:ItemQuantity>0</nc:ItemQuantity>
                <nc:ItemSerialIdentification>
                    <nc:IdentificationID>string</nc:IdentificationID>
                    <nc:IdentificationJurisdiction>
                        <nc:JurisdictionLocation>
                            <nc:LocationDescriptionText>string</nc:LocationDescriptionText>
                            <nc:LocationLocale>
                                <nc:LocaleDistrictName>string</nc:LocaleDistrictName>
                            </nc:LocationLocale>
                            <j:LocationAugmentation>
                                <j:LocationBlockNumberText>string</j:LocationBlockNumberText>
                            </j:LocationAugmentation>
                            <j:LocationAugmentation>
                                <j:LocationBlockNumberText>string</j:LocationBlockNumberText>
                            </j:LocationAugmentation>
                        </nc:JurisdictionLocation>
                    </nc:IdentificationJurisdiction>
                    <nc:IdentificationExpirationDate>
                        <nc:Date>2006-05-04</nc:Date>
<!--                        <nc:DateTime>2006-05-04T18:13:51.0</nc:DateTime>-->
                    </nc:IdentificationExpirationDate>
                </nc:ItemSerialIdentification>
                <nc:ItemStatus>
                    <nc:StatusDescriptionText>string</nc:StatusDescriptionText>
                    <nc:StatusDate>
                        <nc:Date>2006-05-04</nc:Date>
<!--                        <nc:DateTime>2006-05-04T18:13:51.0</nc:DateTime>-->
                    </nc:StatusDate>
                </nc:ItemStatus>
            </nc:RoleOfItem>
        </j:ArrestInvolvedWeapon>
        <j:ArrestInvolvedWeapon>
            <nc:RoleOfItem>
                <nc:ItemDescriptionText>string</nc:ItemDescriptionText>
                <nc:ItemDisposition>
                    <nc:DispositionText>string</nc:DispositionText>
                </nc:ItemDisposition>
<!--                <nc:ItemMakeName>string</nc:ItemMakeName>-->
                <ncic:ItemMakeCode>3M</ncic:ItemMakeCode>
                <nc:ItemModelName>string</nc:ItemModelName>
                <nc:ItemModelYearDate>2006</nc:ItemModelYearDate>
                <nc:ItemName>string</nc:ItemName>
                <nc:ItemOtherIdentification>
                    <nc:IdentificationID>string</nc:IdentificationID>
                    <nc:IdentificationJurisdiction>
                        <nc:JurisdictionLocation>
                            <nc:LocationDescriptionText>string</nc:LocationDescriptionText>
                            <nc:LocationLocale>
                                <nc:LocaleDistrictName>string</nc:LocaleDistrictName>
                            </nc:LocationLocale>
                            <j:LocationAugmentation>
                                <j:LocationBlockNumberText>string</j:LocationBlockNumberText>
                            </j:LocationAugmentation>
                            <j:LocationAugmentation>
                                <j:LocationBlockNumberText>string</j:LocationBlockNumberText>
                            </j:LocationAugmentation>
                        </nc:JurisdictionLocation>
                    </nc:IdentificationJurisdiction>
                    <nc:IdentificationExpirationDate>
<!--                        <nc:Date>2006-05-04</nc:Date>-->
                        <nc:DateTime>2006-05-04T18:13:51.0</nc:DateTime>
                    </nc:IdentificationExpirationDate>
                </nc:ItemOtherIdentification>
                <nc:ItemPossessionDescriptionText>string</nc:ItemPossessionDescriptionText>
                <nc:ItemQuantity>0</nc:ItemQuantity>
                <nc:ItemSerialIdentification>
                    <nc:IdentificationID>string</nc:IdentificationID>
                    <nc:IdentificationJurisdiction>
                        <nc:JurisdictionLocation>
                            <nc:LocationDescriptionText>string</nc:LocationDescriptionText>
                            <nc:LocationLocale>
                                <nc:LocaleDistrictName>string</nc:LocaleDistrictName>
                            </nc:LocationLocale>
                            <j:LocationAugmentation>
                                <j:LocationBlockNumberText>string</j:LocationBlockNumberText>
                            </j:LocationAugmentation>
                            <j:LocationAugmentation>
                                <j:LocationBlockNumberText>string</j:LocationBlockNumberText>
                            </j:LocationAugmentation>
                        </nc:JurisdictionLocation>
                    </nc:IdentificationJurisdiction>
                    <nc:IdentificationExpirationDate>
                        <nc:Date>2006-05-04</nc:Date>
<!--                        <nc:DateTime>2006-05-04T18:13:51.0</nc:DateTime>-->
                    </nc:IdentificationExpirationDate>
                </nc:ItemSerialIdentification>
                <nc:ItemStatus>
                    <nc:StatusDescriptionText>string</nc:StatusDescriptionText>
                    <nc:StatusDate>
                        <nc:Date>2006-05-04</nc:Date>
<!--                        <nc:DateTime>2006-05-04T18:13:51.0</nc:DateTime>-->
                    </nc:StatusDate>
                </nc:ItemStatus>
            </nc:RoleOfItem>
        </j:ArrestInvolvedWeapon>
        <j:ArrestOfficial>
            <j:EnforcementOfficialBadgeIdentification>
                <nc:IdentificationID>string</nc:IdentificationID>
                <nc:IdentificationJurisdiction>
                    <nc:JurisdictionLocation>
                        <nc:LocationDescriptionText>string</nc:LocationDescriptionText>
                        <nc:LocationLocale>
                            <nc:LocaleDistrictName>string</nc:LocaleDistrictName>
                        </nc:LocationLocale>
                        <j:LocationAugmentation>
                            <j:LocationBlockNumberText>string</j:LocationBlockNumberText>
                        </j:LocationAugmentation>
                        <j:LocationAugmentation>
                            <j:LocationBlockNumberText>string</j:LocationBlockNumberText>
                        </j:LocationAugmentation>
                    </nc:JurisdictionLocation>
                </nc:IdentificationJurisdiction>
                <nc:IdentificationExpirationDate>
<!--                    <nc:Date>2006-05-04</nc:Date>-->
                    <nc:DateTime>2006-05-04T18:13:51.0</nc:DateTime>
                </nc:IdentificationExpirationDate>
            </j:EnforcementOfficialBadgeIdentification>
            <j:EnforcementOfficialBadgeIdentification>
                <nc:IdentificationID>string</nc:IdentificationID>
                <nc:IdentificationJurisdiction>
                    <nc:JurisdictionLocation>
                        <nc:LocationDescriptionText>string</nc:LocationDescriptionText>
                        <nc:LocationLocale>
                            <nc:LocaleDistrictName>string</nc:LocaleDistrictName>
                        </nc:LocationLocale>
                        <j:LocationAugmentation>
                            <j:LocationBlockNumberText>string</j:LocationBlockNumberText>
                        </j:LocationAugmentation>
                        <j:LocationAugmentation>
                            <j:LocationBlockNumberText>string</j:LocationBlockNumberText>
                        </j:LocationAugmentation>
                    </nc:JurisdictionLocation>
                </nc:IdentificationJurisdiction>
                <nc:IdentificationExpirationDate>
                    <nc:Date>2006-05-04</nc:Date>
<!--                    <nc:DateTime>2006-05-04T18:13:51.0</nc:DateTime>-->
                </nc:IdentificationExpirationDate>
            </j:EnforcementOfficialBadgeIdentification>
        </j:ArrestOfficial>
        <j:ArrestOfficial>
            <j:EnforcementOfficialBadgeIdentification>
                <nc:IdentificationID>string</nc:IdentificationID>
                <nc:IdentificationJurisdiction>
                    <nc:JurisdictionLocation>
                        <nc:LocationDescriptionText>string</nc:LocationDescriptionText>
                        <nc:LocationLocale>
                            <nc:LocaleDistrictName>string</nc:LocaleDistrictName>
                        </nc:LocationLocale>
                        <j:LocationAugmentation>
                            <j:LocationBlockNumberText>string</j:LocationBlockNumberText>
                        </j:LocationAugmentation>
                        <j:LocationAugmentation>
                            <j:LocationBlockNumberText>string</j:LocationBlockNumberText>
                        </j:LocationAugmentation>
                    </nc:JurisdictionLocation>
                </nc:IdentificationJurisdiction>
                <nc:IdentificationExpirationDate>
<!--                    <nc:Date>2006-05-04</nc:Date>-->
                    <nc:DateTime>2006-05-04T18:13:51.0</nc:DateTime>
                </nc:IdentificationExpirationDate>
            </j:EnforcementOfficialBadgeIdentification>
            <j:EnforcementOfficialBadgeIdentification>
                <nc:IdentificationID>string</nc:IdentificationID>
                <nc:IdentificationJurisdiction>
                    <nc:JurisdictionLocation>
                        <nc:LocationDescriptionText>string</nc:LocationDescriptionText>
                        <nc:LocationLocale>
                            <nc:LocaleDistrictName>string</nc:LocaleDistrictName>
                        </nc:LocationLocale>
                        <j:LocationAugmentation>
                            <j:LocationBlockNumberText>string</j:LocationBlockNumberText>
                        </j:LocationAugmentation>
                        <j:LocationAugmentation>
                            <j:LocationBlockNumberText>string</j:LocationBlockNumberText>
                        </j:LocationAugmentation>
                    </nc:JurisdictionLocation>
                </nc:IdentificationJurisdiction>
                <nc:IdentificationExpirationDate>
<!--                    <nc:Date>2006-05-04</nc:Date>-->
                    <nc:DateTime>2006-05-04T18:13:51.0</nc:DateTime>
                </nc:IdentificationExpirationDate>
            </j:EnforcementOfficialBadgeIdentification>
        </j:ArrestOfficial>
        <j:ArrestSequenceID>string</j:ArrestSequenceID>
        <j:ArrestSequenceID>string</j:ArrestSequenceID>
        <j:ArrestSubject>
            <nc:RoleOfPerson>
                <nc:PersonBirthDate>
<!--                    <nc:Date>2006-05-04</nc:Date>-->
                    <nc:DateTime>2006-05-04T18:13:51.0</nc:DateTime>
                </nc:PersonBirthDate>
                <nc:PersonBirthLocation>
                    <nc:LocationDescriptionText>string</nc:LocationDescriptionText>
                    <nc:LocationLocale>
                        <nc:LocaleDistrictName>string</nc:LocaleDistrictName>
                    </nc:LocationLocale>
                    <j:LocationAugmentation>
                        <j:LocationBlockNumberText>string</j:LocationBlockNumberText>
                    </j:LocationAugmentation>
                    <j:LocationAugmentation>
                        <j:LocationBlockNumberText>string</j:LocationBlockNumberText>
                    </j:LocationAugmentation>
                </nc:PersonBirthLocation>
                <nc:PersonDigitalImage>
                </nc:PersonDigitalImage>
                <nc:PersonDigitalImage>
                </nc:PersonDigitalImage>
                <nc:PersonEducation>
                    <nc:EducationLevel>
                        <nc:EducationLevelText>string</nc:EducationLevelText>
                    </nc:EducationLevel>
                </nc:PersonEducation>
                <nc:PersonEmployedIndicator>false</nc:PersonEmployedIndicator>
                <nc:PersonHeightDescriptionText>string</nc:PersonHeightDescriptionText>
                <nc:PersonHeightMeasure>
                </nc:PersonHeightMeasure>
                <nc:PersonInjury>
                    <nc:InjuryDescriptionText>string</nc:InjuryDescriptionText>
                </nc:PersonInjury>
                <nc:PersonMedicalCondition>
                    <nc:MedicalConditionDoctor>
                        <nc:PersonBirthDate>
                            <nc:Date>2006-05-04</nc:Date>
<!--                            <nc:DateTime>2006-05-04T18:13:51.0</nc:DateTime>-->
                        </nc:PersonBirthDate>
                        <nc:PersonBirthLocation>
                            <nc:LocationDescriptionText>string</nc:LocationDescriptionText>
                            <nc:LocationLocale>
                                <nc:LocaleDistrictName>string</nc:LocaleDistrictName>
                            </nc:LocationLocale>
                            <j:LocationAugmentation>
                                <j:LocationBlockNumberText>string</j:LocationBlockNumberText>
                            </j:LocationAugmentation>
                            <j:LocationAugmentation>
                                <j:LocationBlockNumberText>string</j:LocationBlockNumberText>
                            </j:LocationAugmentation>
                        </nc:PersonBirthLocation>
                        <nc:PersonDigitalImage>
                        </nc:PersonDigitalImage>
                        <nc:PersonDigitalImage>
                        </nc:PersonDigitalImage>
                        <nc:PersonEducation>
                            <nc:EducationLevel>
                                <nc:EducationLevelText>string</nc:EducationLevelText>
                            </nc:EducationLevel>
                        </nc:PersonEducation>
                        <nc:PersonEmployedIndicator>false</nc:PersonEmployedIndicator>
                        <nc:PersonHeightDescriptionText>string</nc:PersonHeightDescriptionText>
                        <nc:PersonHeightMeasure>
                        </nc:PersonHeightMeasure>
                        <nc:PersonInjury>
                            <nc:InjuryDescriptionText>string</nc:InjuryDescriptionText>
                        </nc:PersonInjury>
                        <nc:PersonMedicalDescriptionText>string</nc:PersonMedicalDescriptionText>
                        <nc:PersonMedicationRequiredText>string</nc:PersonMedicationRequiredText>
                        <nc:PersonMilitarySummary>
                            <nola-ext:PersonMilitarySummaryAugmentation>
                                <nola-ext:VeteranCode>Air Force</nola-ext:VeteranCode>
                            </nola-ext:PersonMilitarySummaryAugmentation>
                        </nc:PersonMilitarySummary>
                        <nc:PersonName>
                            <nc:PersonGivenName>string</nc:PersonGivenName>
                            <nc:PersonMiddleName>string</nc:PersonMiddleName>
                            <nc:PersonSurName>string</nc:PersonSurName>
                            <nc:PersonNameSuffixText>string</nc:PersonNameSuffixText>
                            <nc:PersonFullName>string</nc:PersonFullName>
                        </nc:PersonName>
                        <nc:PersonOtherIdentification>
                            <nc:IdentificationID>string</nc:IdentificationID>
                            <nc:IdentificationJurisdiction>
                                <nc:JurisdictionLocation>
                                    <nc:LocationDescriptionText>string</nc:LocationDescriptionText>
                                    <nc:LocationLocale>
                                        <nc:LocaleDistrictName>string</nc:LocaleDistrictName>
                                    </nc:LocationLocale>
                                    <j:LocationAugmentation>
                                        <j:LocationBlockNumberText>string</j:LocationBlockNumberText>
                                    </j:LocationAugmentation>
                                    <j:LocationAugmentation>
                                        <j:LocationBlockNumberText>string</j:LocationBlockNumberText>
                                    </j:LocationAugmentation>
                                </nc:JurisdictionLocation>
                            </nc:IdentificationJurisdiction>
                            <nc:IdentificationExpirationDate>
                                <nc:Date>2006-05-04</nc:Date>
<!--                                <nc:DateTime>2006-05-04T18:13:51.0</nc:DateTime>-->
                            </nc:IdentificationExpirationDate>
                        </nc:PersonOtherIdentification>
                        <nc:PersonPhysicalFeature>
                            <nc:PhysicalFeatureDescriptionText>string</nc:PhysicalFeatureDescriptionText>
                            <nc:PhysicalFeatureLocationText>string</nc:PhysicalFeatureLocationText>
                        </nc:PersonPhysicalFeature>
                        <nc:PersonPrimaryLanguage>
                            <nc:Language>
                            </nc:Language>
                        </nc:PersonPrimaryLanguage>
                        <nc:PersonSSNIdentification>
                            <nc:IdentificationID>string</nc:IdentificationID>
                            <nc:IdentificationJurisdiction>
                                <nc:JurisdictionLocation>
                                    <nc:LocationDescriptionText>string</nc:LocationDescriptionText>
                                    <nc:LocationLocale>
                                        <nc:LocaleDistrictName>string</nc:LocaleDistrictName>
                                    </nc:LocationLocale>
                                    <j:LocationAugmentation>
                                        <j:LocationBlockNumberText>string</j:LocationBlockNumberText>
                                    </j:LocationAugmentation>
                                    <j:LocationAugmentation>
                                        <j:LocationBlockNumberText>string</j:LocationBlockNumberText>
                                    </j:LocationAugmentation>
                                </nc:JurisdictionLocation>
                            </nc:IdentificationJurisdiction>
                            <nc:IdentificationExpirationDate>
                                <nc:Date>2006-05-04</nc:Date>
<!--                                <nc:DateTime>2006-05-04T18:13:51.0</nc:DateTime>-->
                            </nc:IdentificationExpirationDate>
                        </nc:PersonSSNIdentification>
                        <nc:PersonStateIdentification>
                            <nc:IdentificationID>string</nc:IdentificationID>
                            <nc:IdentificationJurisdiction>
                                <nc:JurisdictionLocation>
                                    <nc:LocationDescriptionText>string</nc:LocationDescriptionText>
                                    <nc:LocationLocale>
                                        <nc:LocaleDistrictName>string</nc:LocaleDistrictName>
                                    </nc:LocationLocale>
                                    <j:LocationAugmentation>
                                        <j:LocationBlockNumberText>string</j:LocationBlockNumberText>
                                    </j:LocationAugmentation>
                                    <j:LocationAugmentation>
                                        <j:LocationBlockNumberText>string</j:LocationBlockNumberText>
                                    </j:LocationAugmentation>
                                </nc:JurisdictionLocation>
                            </nc:IdentificationJurisdiction>
                            <nc:IdentificationExpirationDate>
                                <nc:Date>2006-05-04</nc:Date>
<!--                                <nc:DateTime>2006-05-04T18:13:51.0</nc:DateTime>-->
                            </nc:IdentificationExpirationDate>
                        </nc:PersonStateIdentification>
                        <nc:PersonUSCitizenIndicator>false</nc:PersonUSCitizenIndicator>
                        <nc:PersonWeightDescriptionText>string</nc:PersonWeightDescriptionText>
                        <nc:PersonWeightMeasure>
                        </nc:PersonWeightMeasure>
                        <nc:PersonNationality>
                            <nc:PersonNationalityCountry>
                                <nc:CountryName>string</nc:CountryName>
                            </nc:PersonNationalityCountry>
                        </nc:PersonNationality>
                        <nc:PersonContactInformation>
                        </nc:PersonContactInformation>
                        <nc:PersonEmergencyContactInformation>
                        </nc:PersonEmergencyContactInformation>
                    </nc:MedicalConditionDoctor>
                    <nc:MedicalConditionText>string</nc:MedicalConditionText>
                </nc:PersonMedicalCondition>
                <nc:PersonMedicalDescriptionText>string</nc:PersonMedicalDescriptionText>
                <nc:PersonMedicationRequiredText>string</nc:PersonMedicationRequiredText>
                <nc:PersonMilitarySummary>
                    <nola-ext:PersonMilitarySummaryAugmentation>
                        <nola-ext:VeteranCode>Air Force</nola-ext:VeteranCode>
                    </nola-ext:PersonMilitarySummaryAugmentation>
                </nc:PersonMilitarySummary>
                <nc:PersonName>
                    <nc:PersonGivenName>string</nc:PersonGivenName>
                    <nc:PersonMiddleName>string</nc:PersonMiddleName>
                    <nc:PersonSurName>string</nc:PersonSurName>
                    <nc:PersonNameSuffixText>string</nc:PersonNameSuffixText>
                    <nc:PersonFullName>string</nc:PersonFullName>
                </nc:PersonName>
                <nc:PersonOtherIdentification>
                    <nc:IdentificationID>string</nc:IdentificationID>
                    <nc:IdentificationJurisdiction>
                        <nc:JurisdictionLocation>
                            <nc:LocationDescriptionText>string</nc:LocationDescriptionText>
                            <nc:LocationLocale>
                                <nc:LocaleDistrictName>string</nc:LocaleDistrictName>
                            </nc:LocationLocale>
                            <j:LocationAugmentation>
                                <j:LocationBlockNumberText>string</j:LocationBlockNumberText>
                            </j:LocationAugmentation>
                            <j:LocationAugmentation>
                                <j:LocationBlockNumberText>string</j:LocationBlockNumberText>
                            </j:LocationAugmentation>
                        </nc:JurisdictionLocation>
                    </nc:IdentificationJurisdiction>
                    <nc:IdentificationExpirationDate>
<!--                        <nc:Date>2006-05-04</nc:Date>-->
                        <nc:DateTime>2006-05-04T18:13:51.0</nc:DateTime>
                    </nc:IdentificationExpirationDate>
                </nc:PersonOtherIdentification>
                <nc:PersonPhysicalFeature>
                    <nc:PhysicalFeatureDescriptionText>string</nc:PhysicalFeatureDescriptionText>
                    <nc:PhysicalFeatureLocationText>string</nc:PhysicalFeatureLocationText>
                </nc:PersonPhysicalFeature>
                <nc:PersonPrimaryLanguage>
                    <nc:Language>
                    </nc:Language>
                </nc:PersonPrimaryLanguage>
                <nc:PersonSSNIdentification>
                    <nc:IdentificationID>string</nc:IdentificationID>
                    <nc:IdentificationJurisdiction>
                        <nc:JurisdictionLocation>
                            <nc:LocationDescriptionText>string</nc:LocationDescriptionText>
                            <nc:LocationLocale>
                                <nc:LocaleDistrictName>string</nc:LocaleDistrictName>
                            </nc:LocationLocale>
                            <j:LocationAugmentation>
                                <j:LocationBlockNumberText>string</j:LocationBlockNumberText>
                            </j:LocationAugmentation>
                            <j:LocationAugmentation>
                                <j:LocationBlockNumberText>string</j:LocationBlockNumberText>
                            </j:LocationAugmentation>
                        </nc:JurisdictionLocation>
                    </nc:IdentificationJurisdiction>
                    <nc:IdentificationExpirationDate>
                        <nc:Date>2006-05-04</nc:Date>
<!--                        <nc:DateTime>2006-05-04T18:13:51.0</nc:DateTime>-->
                    </nc:IdentificationExpirationDate>
                </nc:PersonSSNIdentification>
                <nc:PersonStateIdentification>
                    <nc:IdentificationID>string</nc:IdentificationID>
                    <nc:IdentificationJurisdiction>
                        <nc:JurisdictionLocation>
                            <nc:LocationDescriptionText>string</nc:LocationDescriptionText>
                            <nc:LocationLocale>
                                <nc:LocaleDistrictName>string</nc:LocaleDistrictName>
                            </nc:LocationLocale>
                            <j:LocationAugmentation>
                                <j:LocationBlockNumberText>string</j:LocationBlockNumberText>
                            </j:LocationAugmentation>
                            <j:LocationAugmentation>
                                <j:LocationBlockNumberText>string</j:LocationBlockNumberText>
                            </j:LocationAugmentation>
                        </nc:JurisdictionLocation>
                    </nc:IdentificationJurisdiction>
                    <nc:IdentificationExpirationDate>
<!--                        <nc:Date>2006-05-04</nc:Date>-->
                        <nc:DateTime>2006-05-04T18:13:51.0</nc:DateTime>
                    </nc:IdentificationExpirationDate>
                </nc:PersonStateIdentification>
                <nc:PersonUSCitizenIndicator>false</nc:PersonUSCitizenIndicator>
                <nc:PersonWeightDescriptionText>string</nc:PersonWeightDescriptionText>
                <nc:PersonWeightMeasure>
                </nc:PersonWeightMeasure>
                <nc:PersonNationality>
                    <nc:PersonNationalityCountry>
                        <nc:CountryName>string</nc:CountryName>
                    </nc:PersonNationalityCountry>
                </nc:PersonNationality>
                <nc:PersonContactInformation>
                </nc:PersonContactInformation>
                <nc:PersonEmergencyContactInformation>
                </nc:PersonEmergencyContactInformation>
            </nc:RoleOfPerson>
            <j:SubjectGangAffiliationNoneIndicator>false</j:SubjectGangAffiliationNoneIndicator>
            <j:SubjectDetainmentLocation>
                <nc:LocationDescriptionText>string</nc:LocationDescriptionText>
                <nc:LocationLocale>
                    <nc:LocaleDistrictName>string</nc:LocaleDistrictName>
                </nc:LocationLocale>
                <j:LocationAugmentation>
                    <j:LocationBlockNumberText>string</j:LocationBlockNumberText>
                </j:LocationAugmentation>
                <j:LocationAugmentation>
                    <j:LocationBlockNumberText>string</j:LocationBlockNumberText>
                </j:LocationAugmentation>
            </j:SubjectDetainmentLocation>
        </j:ArrestSubject>
        <j:ArrestSubjectRightsReadIndicator>false</j:ArrestSubjectRightsReadIndicator>
        <j:ArrestWarrant>
            <nc:ActivityIdentification>
                <nc:IdentificationID>string</nc:IdentificationID>
                <nc:IdentificationJurisdiction>
                    <nc:JurisdictionLocation>
                        <nc:LocationDescriptionText>string</nc:LocationDescriptionText>
                        <nc:LocationLocale>
                            <nc:LocaleDistrictName>string</nc:LocaleDistrictName>
                        </nc:LocationLocale>
                        <j:LocationAugmentation>
                            <j:LocationBlockNumberText>string</j:LocationBlockNumberText>
                        </j:LocationAugmentation>
                        <j:LocationAugmentation>
                            <j:LocationBlockNumberText>string</j:LocationBlockNumberText>
                        </j:LocationAugmentation>
                    </nc:JurisdictionLocation>
                </nc:IdentificationJurisdiction>
                <nc:IdentificationExpirationDate>
<!--                    <nc:Date>2006-05-04</nc:Date>-->
                    <nc:DateTime>2006-05-04T18:13:51.0</nc:DateTime>
                </nc:IdentificationExpirationDate>
            </nc:ActivityIdentification>
            <nc:ActivityDate>
<!--                <nc:Date>2006-05-04</nc:Date>-->
                <nc:DateTime>2006-05-04T18:13:51.0</nc:DateTime>
            </nc:ActivityDate>
            <nc:ActivityDescriptionText>string</nc:ActivityDescriptionText>
            <nc:ActivityLocation>
                <nc:LocationDescriptionText>string</nc:LocationDescriptionText>
                <nc:LocationLocale>
                    <nc:LocaleDistrictName>string</nc:LocaleDistrictName>
                </nc:LocationLocale>
                <j:LocationAugmentation>
                    <j:LocationBlockNumberText>string</j:LocationBlockNumberText>
                </j:LocationAugmentation>
                <j:LocationAugmentation>
                    <j:LocationBlockNumberText>string</j:LocationBlockNumberText>
                </j:LocationAugmentation>
            </nc:ActivityLocation>
            <nc:ActivityReasonText>string</nc:ActivityReasonText>
            <nc:ActivityStatus>
                <nc:StatusDescriptionText>string</nc:StatusDescriptionText>
                <nc:StatusDate>
<!--                    <nc:Date>2006-05-04</nc:Date>-->
                    <nc:DateTime>2006-05-04T18:13:51.0</nc:DateTime>
                </nc:StatusDate>
            </nc:ActivityStatus>
            <j:ActivityAugmentation/>
            <j:ActivityAugmentation/>
        </j:ArrestWarrant>
        <j:ArrestWarrant>
            <nc:ActivityIdentification>
                <nc:IdentificationID>string</nc:IdentificationID>
                <nc:IdentificationJurisdiction>
                    <nc:JurisdictionLocation>
                        <nc:LocationDescriptionText>string</nc:LocationDescriptionText>
                        <nc:LocationLocale>
                            <nc:LocaleDistrictName>string</nc:LocaleDistrictName>
                        </nc:LocationLocale>
                        <j:LocationAugmentation>
                            <j:LocationBlockNumberText>string</j:LocationBlockNumberText>
                        </j:LocationAugmentation>
                        <j:LocationAugmentation>
                            <j:LocationBlockNumberText>string</j:LocationBlockNumberText>
                        </j:LocationAugmentation>
                    </nc:JurisdictionLocation>
                </nc:IdentificationJurisdiction>
                <nc:IdentificationExpirationDate>
<!--                    <nc:Date>2006-05-04</nc:Date>-->
                    <nc:DateTime>2006-05-04T18:13:51.0</nc:DateTime>
                </nc:IdentificationExpirationDate>
            </nc:ActivityIdentification>
            <nc:ActivityDate>
                <nc:Date>2006-05-04</nc:Date>
<!--                <nc:DateTime>2006-05-04T18:13:51.0</nc:DateTime>-->
            </nc:ActivityDate>
            <nc:ActivityDescriptionText>string</nc:ActivityDescriptionText>
            <nc:ActivityLocation>
                <nc:LocationDescriptionText>string</nc:LocationDescriptionText>
                <nc:LocationLocale>
                    <nc:LocaleDistrictName>string</nc:LocaleDistrictName>
                </nc:LocationLocale>
                <j:LocationAugmentation>
                    <j:LocationBlockNumberText>string</j:LocationBlockNumberText>
                </j:LocationAugmentation>
                <j:LocationAugmentation>
                    <j:LocationBlockNumberText>string</j:LocationBlockNumberText>
                </j:LocationAugmentation>
            </nc:ActivityLocation>
            <nc:ActivityReasonText>string</nc:ActivityReasonText>
            <nc:ActivityStatus>
                <nc:StatusDescriptionText>string</nc:StatusDescriptionText>
                <nc:StatusDate>
                    <nc:Date>2006-05-04</nc:Date>
<!--                    <nc:DateTime>2006-05-04T18:13:51.0</nc:DateTime>-->
                </nc:StatusDate>
            </nc:ActivityStatus>
            <j:ActivityAugmentation/>
            <j:ActivityAugmentation/>
        </j:ArrestWarrant>
        <j:Booking>
            <nc:ActivityIdentification>
                <nc:IdentificationID>string</nc:IdentificationID>
                <nc:IdentificationJurisdiction>
                    <nc:JurisdictionLocation>
                        <nc:LocationDescriptionText>string</nc:LocationDescriptionText>
                        <nc:LocationLocale>
                            <nc:LocaleDistrictName>string</nc:LocaleDistrictName>
                        </nc:LocationLocale>
                        <j:LocationAugmentation>
                            <j:LocationBlockNumberText>string</j:LocationBlockNumberText>
                        </j:LocationAugmentation>
                        <j:LocationAugmentation>
                            <j:LocationBlockNumberText>string</j:LocationBlockNumberText>
                        </j:LocationAugmentation>
                    </nc:JurisdictionLocation>
                </nc:IdentificationJurisdiction>
                <nc:IdentificationExpirationDate>
                    <nc:Date>2006-05-04</nc:Date>
<!--                    <nc:DateTime>2006-05-04T18:13:51.0</nc:DateTime>-->
                </nc:IdentificationExpirationDate>
            </nc:ActivityIdentification>
            <nc:ActivityDate>
                <nc:Date>2006-05-04</nc:Date>
<!--                <nc:DateTime>2006-05-04T18:13:51.0</nc:DateTime>-->
            </nc:ActivityDate>
            <nc:ActivityDescriptionText>string</nc:ActivityDescriptionText>
            <nc:ActivityLocation>
                <nc:LocationDescriptionText>string</nc:LocationDescriptionText>
                <nc:LocationLocale>
                    <nc:LocaleDistrictName>string</nc:LocaleDistrictName>
                </nc:LocationLocale>
                <j:LocationAugmentation>
                    <j:LocationBlockNumberText>string</j:LocationBlockNumberText>
                </j:LocationAugmentation>
                <j:LocationAugmentation>
                    <j:LocationBlockNumberText>string</j:LocationBlockNumberText>
                </j:LocationAugmentation>
            </nc:ActivityLocation>
            <nc:ActivityReasonText>string</nc:ActivityReasonText>
            <nc:ActivityStatus>
                <nc:StatusDescriptionText>string</nc:StatusDescriptionText>
                <nc:StatusDate>
<!--                    <nc:Date>2006-05-04</nc:Date>-->
                    <nc:DateTime>2006-05-04T18:13:51.0</nc:DateTime>
                </nc:StatusDate>
            </nc:ActivityStatus>
            <j:ActivityAugmentation/>
            <j:ActivityAugmentation/>
            <j:BookingArraignmentDate>
<!--                <nc:Date>2006-05-04</nc:Date>-->
                <nc:DateTime>2006-05-04T18:13:51.0</nc:DateTime>
            </j:BookingArraignmentDate>
            <j:BookingDocumentControlIdentification>
                <nc:IdentificationID>string</nc:IdentificationID>
                <nc:IdentificationJurisdiction>
                    <nc:JurisdictionLocation>
                        <nc:LocationDescriptionText>string</nc:LocationDescriptionText>
                        <nc:LocationLocale>
                            <nc:LocaleDistrictName>string</nc:LocaleDistrictName>
                        </nc:LocationLocale>
                        <j:LocationAugmentation>
                            <j:LocationBlockNumberText>string</j:LocationBlockNumberText>
                        </j:LocationAugmentation>
                        <j:LocationAugmentation>
                            <j:LocationBlockNumberText>string</j:LocationBlockNumberText>
                        </j:LocationAugmentation>
                    </nc:JurisdictionLocation>
                </nc:IdentificationJurisdiction>
                <nc:IdentificationExpirationDate>
<!--                    <nc:Date>2006-05-04</nc:Date>-->
                    <nc:DateTime>2006-05-04T18:13:51.0</nc:DateTime>
                </nc:IdentificationExpirationDate>
            </j:BookingDocumentControlIdentification>
        </j:Booking>
    </j:Arrest>
</nola:ArrestExchange>
