<?xml version="1.0" encoding="UTF-8"?>
<w:WantList w:release="5.2" w:product="NIEM" w:nillableDefault="true"
  xmlns:w="http://niem.gov/niem/wantlist/2.2"
  xmlns:aamva_d20="http://release.niem.gov/niem/codes/aamva_d20/5.0/"
  xmlns:hs="http://release.niem.gov/niem/domains/humanServices/5.2/"
  xmlns:scr="http://release.niem.gov/niem/domains/screening/5.2/"
  xmlns:j="http://release.niem.gov/niem/domains/jxdm/7.2/"
  xmlns:ucr="http://release.niem.gov/niem/codes/ucr/5.1/"
  xmlns:structures="http://release.niem.gov/niem/structures/5.0/"
  xmlns:niem-xs="http://release.niem.gov/niem/proxy/niem-xs/5.0/" xmlns:nc="http://release.niem.gov/niem/niem-core/5.0/">
  <w:Element w:name="hs:ChargeAugmentation" w:isReference="false" w:nillable="false"/>
  <w:Element w:name="hs:EmployerAugmentation" w:isReference="false" w:nillable="false"/>
  <w:Element w:name="j:Arrest" w:isReference="false" w:nillable="true"/>
  <w:Element w:name="j:CaseAugmentation" w:isReference="false" w:nillable="false"/>
  <w:Element w:name="j:ChargeIdentification" w:isReference="false" w:nillable="true"/>
  <w:Element w:name="j:ChargeQualifierText" w:isReference="false" w:nillable="true"/>
  <w:Element w:name="j:ChargeUCRCode" w:isReference="false" w:nillable="false"/>
  <w:Element w:name="j:CourtCategoryCode" w:isReference="false" w:nillable="false"/>
  <w:Element w:name="j:EnforcementOfficial" w:isReference="false" w:nillable="true"/>
  <w:Element w:name="j:OrganizationAugmentation" w:isReference="false" w:nillable="false"/>
  <w:Element w:name="nc:ActivityReasonText" w:isReference="false" w:nillable="false"/>
  <w:Element w:name="nc:AddressCountyAbstract" w:isReference="false" w:nillable="true"/>
  <w:Element w:name="nc:AddressCountyName" w:isReference="false" w:nillable="false"/>
  <w:Element w:name="nc:AddressStreet" w:isReference="false" w:nillable="false"/>
  <w:Element w:name="nc:CaseGeneralCategoryText" w:isReference="false" w:nillable="false"/>
  <w:Element w:name="nc:ContactEmailID" w:isReference="false" w:nillable="false"/>
  <w:Element w:name="nc:ContactMailingAddress" w:isReference="false" w:nillable="false"/>
  <w:Element w:name="nc:ContactTelephoneNumber" w:isReference="false" w:nillable="false"/>
  <w:Element w:name="nc:CountryName" w:isReference="false" w:nillable="false"/>
  <w:Element w:name="nc:CourtCase" w:isReference="false" w:nillable="false"/>
  <w:Element w:name="nc:Date" w:isReference="false" w:nillable="false"/>
  <w:Element w:name="nc:DateTime" w:isReference="false" w:nillable="false"/>
  <w:Element w:name="nc:EntityPerson" w:isReference="false" w:nillable="false"/>
  <w:Element w:name="nc:FullTelephoneNumber" w:isReference="false" w:nillable="false"/>
  <w:Element w:name="nc:PersonEmploymentAssociation"
    w:isReference="false" w:nillable="true"/>
  <w:Element w:name="nc:PersonRaceText" w:isReference="false" w:nillable="false"/>
  <w:Element w:name="nc:PersonSexText" w:isReference="false" w:nillable="false"/>
  <w:Element w:name="nc:SourceText" w:isReference="false" w:nillable="true"/>
  <w:Element w:name="nc:StateName" w:isReference="false" w:nillable="false"/>
  <w:Element w:name="nc:StatusText" w:isReference="false" w:nillable="false"/>
  <w:Element w:name="scr:InmateNumberID" w:isReference="false" w:nillable="true"/>
  <w:Type w:name="aamva_d20:CourtCategoryCodeSimpleType" w:isRequested="false">
    <w:Facet w:facet="enumeration" w:value="ADM"/>
    <w:Facet w:facet="enumeration" w:value="CHA"/>
    <w:Facet w:facet="enumeration" w:value="CIR"/>
    <w:Facet w:facet="enumeration" w:value="CIT"/>
    <w:Facet w:facet="enumeration" w:value="CIV"/>
    <w:Facet w:facet="enumeration" w:value="COC"/>
    <w:Facet w:facet="enumeration" w:value="COR"/>
    <w:Facet w:facet="enumeration" w:value="CRI"/>
    <w:Facet w:facet="enumeration" w:value="DIS"/>
    <w:Facet w:facet="enumeration" w:value="DOT"/>
    <w:Facet w:facet="enumeration" w:value="FED"/>
    <w:Facet w:facet="enumeration" w:value="GEN"/>
    <w:Facet w:facet="enumeration" w:value="HUS"/>
    <w:Facet w:facet="enumeration" w:value="JPC"/>
    <w:Facet w:facet="enumeration" w:value="JUS"/>
    <w:Facet w:facet="enumeration" w:value="JUV"/>
    <w:Facet w:facet="enumeration" w:value="LEC"/>
    <w:Facet w:facet="enumeration" w:value="MAG"/>
    <w:Facet w:facet="enumeration" w:value="MAY"/>
    <w:Facet w:facet="enumeration" w:value="MUN"/>
    <w:Facet w:facet="enumeration" w:value="OTH"/>
    <w:Facet w:facet="enumeration" w:value="POL"/>
    <w:Facet w:facet="enumeration" w:value="SJC"/>
    <w:Facet w:facet="enumeration" w:value="SPL"/>
    <w:Facet w:facet="enumeration" w:value="SSP"/>
    <w:Facet w:facet="enumeration" w:value="SUM"/>
    <w:Facet w:facet="enumeration" w:value="SUP"/>
    <w:Facet w:facet="enumeration" w:value="TJC"/>
    <w:Facet w:facet="enumeration" w:value="TRA"/>
    <w:Facet w:facet="enumeration" w:value="TRI"/>
    <w:Facet w:facet="enumeration" w:value="TWN"/>
    <w:Facet w:facet="enumeration" w:value="UNK"/>
    <w:Facet w:facet="enumeration" w:value="USC"/>
    <w:Facet w:facet="enumeration" w:value="USM"/>
    <w:Facet w:facet="enumeration" w:value="USS"/>
  </w:Type>
  <w:Type w:name="hs:ChargeAugmentationType" w:isRequested="false">
    <w:ElementInType w:name="j:BailBond" w:isReference="false"
      w:minOccurs="0" w:maxOccurs="1"/>
  </w:Type>
  <w:Type w:name="hs:EmployerAugmentationType" w:isRequested="false">
    <w:ElementInType w:name="hs:EmployerName" w:isReference="false"
      w:minOccurs="0" w:maxOccurs="1"/>
  </w:Type>
  <w:Type w:name="j:ArrestType" w:isRequested="false">
    <w:ElementInType w:name="j:ArrestCharge" w:isReference="false"
      w:minOccurs="0" w:maxOccurs="unbounded"/>
  </w:Type>
  <w:Type w:name="j:BailBondType" w:isRequested="false">
    <w:ElementInType w:name="j:BailBondAmount" w:isReference="false"
      w:minOccurs="0" w:maxOccurs="1"/>
    <w:ElementInType w:name="j:BailBondConditionDescriptionText"
      w:isReference="false" w:minOccurs="0" w:maxOccurs="unbounded"/>
    <w:ElementInType w:name="j:BailBondSuretyEntity"
      w:isReference="false" w:minOccurs="0" w:maxOccurs="unbounded"/>
    <w:ElementInType w:name="j:BailBondAugmentationPoint"
      w:isReference="false" w:minOccurs="0" w:maxOccurs="1"/>
  </w:Type>
  <w:Type w:name="j:BookingType" w:isRequested="false">
    <w:ElementInType w:name="j:BookingAgency" w:isReference="false"
      w:minOccurs="0" w:maxOccurs="1"/>
    <w:ElementInType w:name="j:BookingAgencyRecordIdentification"
      w:isReference="false" w:minOccurs="0" w:maxOccurs="1"/>
    <w:ElementInType w:name="j:BookingDocumentControlIdentification"
      w:isReference="false" w:minOccurs="0" w:maxOccurs="1"/>
    <w:ElementInType w:name="j:Arrest" w:isReference="false"
      w:minOccurs="0" w:maxOccurs="1"/>
  </w:Type>
  <w:Type w:name="j:CaseAugmentationType" w:isRequested="false">
    <w:ElementInType w:name="j:CaseCharge" w:isReference="false"
      w:minOccurs="0" w:maxOccurs="unbounded"/>
    <w:ElementInType w:name="j:CaseCourt" w:isReference="false"
      w:minOccurs="0" w:maxOccurs="1"/>
    <w:ElementInType w:name="j:CaseCourtEvent" w:isReference="false"
      w:minOccurs="0" w:maxOccurs="1"/>
    <w:ElementInType w:name="j:CaseDefendantQuantityText"
      w:isReference="false" w:minOccurs="0" w:maxOccurs="1"/>
    <w:ElementInType w:name="j:CaseDefendantParty" w:isReference="false"
      w:minOccurs="0" w:maxOccurs="1"/>
    <w:ElementInType w:name="j:CaseDefenseAttorney"
      w:isReference="false" w:minOccurs="0" w:maxOccurs="1"/>
    <w:ElementInType w:name="j:CaseExhibit" w:isReference="false"
      w:minOccurs="0" w:maxOccurs="1"/>
    <w:ElementInType w:name="j:CaseJudge" w:isReference="false"
      w:minOccurs="0" w:maxOccurs="2"/>
    <w:ElementInType w:name="j:CaseOfficial" w:isReference="false"
      w:minOccurs="0" w:maxOccurs="1"/>
    <w:ElementInType w:name="j:CaseOtherEntity" w:isReference="false"
      w:minOccurs="0" w:maxOccurs="unbounded"/>
    <w:ElementInType w:name="j:CaseProsecutionAttorney"
      w:isReference="false" w:minOccurs="0" w:maxOccurs="2"/>
    <w:ElementInType w:name="j:CaseWitness" w:isReference="false"
      w:minOccurs="0" w:maxOccurs="unbounded"/>
  </w:Type>
  <w:Type w:name="j:CaseOfficialType" w:isRequested="false">
    <w:ElementInType w:name="j:CaseOfficialAugmentationPoint"
      w:isReference="false" w:minOccurs="0" w:maxOccurs="1"/>
  </w:Type>
  <w:Type w:name="j:ChargeType" w:isRequested="false">
    <w:ElementInType w:name="j:ChargeApplicabilityText"
      w:isReference="false" w:minOccurs="0" w:maxOccurs="1"/>
    <w:ElementInType w:name="j:ChargeCategoryDescriptionText"
      w:isReference="false" w:minOccurs="0" w:maxOccurs="1"/>
    <w:ElementInType w:name="j:ChargeCountQuantity"
      w:isReference="false" w:minOccurs="0" w:maxOccurs="1"/>
    <w:ElementInType w:name="j:ChargeDescriptionText"
      w:isReference="false" w:minOccurs="0" w:maxOccurs="1"/>
    <w:ElementInType w:name="j:ChargeFilingDate" w:isReference="false"
      w:minOccurs="0" w:maxOccurs="1"/>
    <w:ElementInType w:name="j:ChargeSequenceID" w:isReference="false"
      w:minOccurs="0" w:maxOccurs="1"/>
    <w:ElementInType w:name="j:ChargeSeverityText" w:isReference="false"
      w:minOccurs="0" w:maxOccurs="1"/>
    <w:ElementInType w:name="j:ChargeStatus" w:isReference="false"
      w:minOccurs="0" w:maxOccurs="1"/>
    <w:ElementInType w:name="j:ChargeStatute" w:isReference="false"
      w:minOccurs="0" w:maxOccurs="1"/>
    <w:ElementInType w:name="j:ChargeSubject" w:isReference="false"
      w:minOccurs="0" w:maxOccurs="1"/>
    <w:ElementInType w:name="j:ChargeUCRCrimeCategoryText"
      w:isReference="false" w:minOccurs="0" w:maxOccurs="1"/>
    <w:ElementInType w:name="j:ChargeVictim" w:isReference="false"
      w:minOccurs="0" w:maxOccurs="unbounded"/>
    <w:ElementInType w:name="j:ChargeSeverityDescriptionText"
      w:isReference="false" w:minOccurs="0" w:maxOccurs="1"/>
    <w:ElementInType w:name="j:ChargeUCRAbstract" w:isReference="false"
      w:minOccurs="0" w:maxOccurs="2"/>
    <w:ElementInType w:name="j:ChargeAugmentationPoint"
      w:isReference="false" w:minOccurs="0" w:maxOccurs="3"/>
  </w:Type>
  <w:Type w:name="j:CourtEventType" w:isRequested="false">
    <w:ElementInType w:name="j:CourtEventAction" w:isReference="false"
      w:minOccurs="0" w:maxOccurs="1"/>
    <w:ElementInType w:name="j:CourtEventSequenceID"
      w:isReference="false" w:minOccurs="0" w:maxOccurs="1"/>
    <w:ElementInType w:name="j:CourtEventAugmentationPoint"
      w:isReference="false" w:minOccurs="0" w:maxOccurs="1"/>
  </w:Type>
  <w:Type w:name="j:CourtType" w:isRequested="false">
    <w:ElementInType w:name="j:CourtName" w:isReference="false"
      w:minOccurs="0" w:maxOccurs="1"/>
    <w:ElementInType w:name="j:CourtDivisionText" w:isReference="false"
      w:minOccurs="0" w:maxOccurs="1"/>
    <w:ElementInType w:name="j:CourtCategoryAbstract"
      w:isReference="false" w:minOccurs="0" w:maxOccurs="unbounded"/>
    <w:ElementInType w:name="j:CourtAugmentationPoint"
      w:isReference="false" w:minOccurs="0" w:maxOccurs="2"/>
  </w:Type>
  <w:Type w:name="j:EnforcementOfficialType" w:isRequested="false">
    <w:ElementInType w:name="nc:RoleOfPerson" w:isReference="false"
      w:minOccurs="0" w:maxOccurs="1"/>
    <w:ElementInType w:name="j:EnforcementOfficialBadgeIdentification"
      w:isReference="false" w:minOccurs="0" w:maxOccurs="1"/>
  </w:Type>
  <w:Type w:name="j:EvidenceType" w:isRequested="false">
    <w:ElementInType w:name="j:EvidenceQuantityText"
      w:isReference="false" w:minOccurs="0" w:maxOccurs="1"/>
  </w:Type>
  <w:Type w:name="j:ExhibitType" w:isRequested="false">
    <w:ElementInType w:name="j:ExhibitEvidence" w:isReference="false"
      w:minOccurs="0" w:maxOccurs="1"/>
  </w:Type>
  <w:Type w:name="j:JudicialOfficialBarMembershipType" w:isRequested="false">
    <w:ElementInType w:name="j:JudicialOfficialBarIdentification"
      w:isReference="false" w:minOccurs="0" w:maxOccurs="1"/>
  </w:Type>
  <w:Type w:name="j:JudicialOfficialType" w:isRequested="false">
    <w:ElementInType w:name="nc:RoleOfPerson" w:isReference="false"
      w:minOccurs="0" w:maxOccurs="1"/>
    <w:ElementInType w:name="j:JudicialOfficialBarMembership"
      w:isReference="false" w:minOccurs="0" w:maxOccurs="1"/>
    <w:ElementInType
      w:name="j:JudicialOfficialRegistrationIdentification"
      w:isReference="false" w:minOccurs="0" w:maxOccurs="1"/>
    <w:ElementInType w:name="j:JudicialOfficialCategoryText"
      w:isReference="false" w:minOccurs="0" w:maxOccurs="1"/>
  </w:Type>
  <w:Type w:name="j:OrganizationAugmentationType" w:isRequested="false">
    <w:ElementInType w:name="j:OrganizationORIIdentification"
      w:isReference="false" w:minOccurs="0" w:maxOccurs="1"/>
  </w:Type>
  <w:Type w:name="j:StatuteType" w:isRequested="false">
    <w:ElementInType w:name="j:StatuteCodeIdentification"
      w:isReference="false" w:minOccurs="0" w:maxOccurs="1"/>
    <w:ElementInType w:name="j:StatuteCodeSectionIdentification"
      w:isReference="false" w:minOccurs="0" w:maxOccurs="1"/>
    <w:ElementInType w:name="j:StatuteDescriptionText"
      w:isReference="false" w:minOccurs="0" w:maxOccurs="1"/>
    <w:ElementInType w:name="j:StatuteText" w:isReference="false"
      w:minOccurs="0" w:maxOccurs="1"/>
    <w:ElementInType w:name="j:StatuteAugmentationPoint"
      w:isReference="false" w:minOccurs="0" w:maxOccurs="1"/>
  </w:Type>
  <w:Type w:name="j:SubjectType" w:isRequested="false">
    <w:ElementInType w:name="j:SubjectBooking" w:isReference="false"
      w:minOccurs="0" w:maxOccurs="1"/>
  </w:Type>
  <w:Type w:name="j:VictimType" w:isRequested="false">
    <w:ElementInType w:name="nc:RoleOfPerson" w:isReference="false"
      w:minOccurs="0" w:maxOccurs="1"/>
    <w:ElementInType w:name="j:VictimIdentification"
      w:isReference="false" w:minOccurs="0" w:maxOccurs="1"/>
  </w:Type>
  <w:Type w:name="j:WitnessType" w:isRequested="false">
    <w:ElementInType w:name="nc:RoleOfPerson" w:isReference="false"
      w:minOccurs="0" w:maxOccurs="1"/>
    <w:ElementInType w:name="j:WitnessIdentification"
      w:isReference="false" w:minOccurs="0" w:maxOccurs="1"/>
    <w:ElementInType w:name="j:WitnessSequenceNumberText"
      w:isReference="false" w:minOccurs="0" w:maxOccurs="1"/>
  </w:Type>
  <w:Type w:name="nc:ActivityType" w:isRequested="true">
    <w:ElementInType w:name="nc:ActivityIdentification"
      w:isReference="false" w:minOccurs="0" w:maxOccurs="1"/>
    <w:ElementInType w:name="nc:ActivityComment" w:isReference="false"
      w:minOccurs="0" w:maxOccurs="unbounded"/>
    <w:ElementInType w:name="nc:ActivityDate" w:isReference="false"
      w:minOccurs="0" w:maxOccurs="1"/>
    <w:ElementInType w:name="nc:ActivityDescriptionText"
      w:isReference="false" w:minOccurs="0" w:maxOccurs="1"/>
    <w:ElementInType w:name="nc:ActivityReasonAbstract"
      w:isReference="false" w:minOccurs="0" w:maxOccurs="1"/>
    <w:ElementInType w:name="nc:ActivitySequenceNumeric"
      w:isReference="false" w:minOccurs="0" w:maxOccurs="1"/>
    <w:ElementInType w:name="nc:ActivityStatus" w:isReference="false"
      w:minOccurs="0" w:maxOccurs="1"/>
    <w:ElementInType w:name="nc:ActivityAugmentationPoint"
      w:isReference="false" w:minOccurs="0" w:maxOccurs="1"/>
  </w:Type>
  <w:Type w:name="nc:AddressType" w:isRequested="false">
    <w:ElementInType w:name="nc:AddressSecondaryUnitText"
      w:isReference="false" w:minOccurs="0" w:maxOccurs="1"/>
    <w:ElementInType w:name="nc:AddressDeliveryPointAbstract"
      w:isReference="false" w:minOccurs="0" w:maxOccurs="1"/>
    <w:ElementInType w:name="nc:AddressCityName" w:isReference="false"
      w:minOccurs="0" w:maxOccurs="1"/>
    <w:ElementInType w:name="nc:AddressState" w:isReference="false"
      w:minOccurs="0" w:maxOccurs="1"/>
    <w:ElementInType w:name="nc:AddressCountry" w:isReference="false"
      w:minOccurs="0" w:maxOccurs="1"/>
    <w:ElementInType w:name="nc:AddressPostalCode" w:isReference="false"
      w:minOccurs="0" w:maxOccurs="1"/>
  </w:Type>
  <w:Type w:name="nc:AmountType" w:isRequested="false">
    <w:ElementInType w:name="nc:Amount" w:isReference="false"
      w:minOccurs="0" w:maxOccurs="1"/>
  </w:Type>
  <w:Type w:name="nc:CaseType" w:isRequested="false">
    <w:ElementInType w:name="nc:CaseTitleText" w:isReference="false"
      w:minOccurs="0" w:maxOccurs="1"/>
    <w:ElementInType w:name="nc:CaseGeneralCategoryAbstract"
      w:isReference="false" w:minOccurs="0" w:maxOccurs="1"/>
    <w:ElementInType w:name="nc:CaseDocketID" w:isReference="false"
      w:minOccurs="0" w:maxOccurs="1"/>
    <w:ElementInType w:name="nc:CaseResolutionText"
      w:isReference="false" w:minOccurs="0" w:maxOccurs="1"/>
    <w:ElementInType w:name="nc:CaseAugmentationPoint"
      w:isReference="false" w:minOccurs="0" w:maxOccurs="unbounded"/>
  </w:Type>
  <w:Type w:name="nc:CommentType" w:isRequested="false">
    <w:ElementInType w:name="nc:CommentText" w:isReference="false"
      w:minOccurs="0" w:maxOccurs="1"/>
    <w:ElementInType w:name="nc:CommentAugmentationPoint"
      w:isReference="false" w:minOccurs="0" w:maxOccurs="1"/>
  </w:Type>
  <w:Type w:name="nc:ContactInformationType" w:isRequested="false">
    <w:ElementInType w:name="nc:ContactMeansAbstract"
      w:isReference="false" w:minOccurs="0" w:maxOccurs="unbounded"/>
  </w:Type>
  <w:Type w:name="nc:CountryType" w:isRequested="false">
    <w:ElementInType w:name="nc:CountryRepresentation"
      w:isReference="false" w:minOccurs="0" w:maxOccurs="1"/>
  </w:Type>
  <w:Type w:name="nc:DateType" w:isRequested="false">
    <w:ElementInType w:name="nc:DateRepresentation"
      w:isReference="false" w:minOccurs="0" w:maxOccurs="2"/>
  </w:Type>
  <w:Type w:name="nc:EmployerType" w:isRequested="false">
    <w:ElementInType w:name="nc:EmployerAugmentationPoint"
      w:isReference="false" w:minOccurs="0" w:maxOccurs="1"/>
  </w:Type>
  <w:Type w:name="nc:EmploymentAssociationType" w:isRequested="false">
    <w:ElementInType w:name="nc:Employer" w:isReference="false"
      w:minOccurs="0" w:maxOccurs="1"/>
    <w:ElementInType w:name="nc:EmploymentStatus" w:isReference="false"
      w:minOccurs="0" w:maxOccurs="1"/>
  </w:Type>
  <w:Type w:name="nc:EntityType" w:isRequested="false">
    <w:ElementInType w:name="nc:EntityRepresentation"
      w:isReference="false" w:minOccurs="0" w:maxOccurs="1"/>
    <w:ElementInType w:name="nc:EntityAugmentationPoint"
      w:isReference="false" w:minOccurs="0" w:maxOccurs="1"/>
  </w:Type>
  <w:Type w:name="nc:FullTelephoneNumberType" w:isRequested="false">
    <w:ElementInType w:name="nc:TelephoneNumberFullID"
      w:isReference="false" w:minOccurs="0" w:maxOccurs="unbounded"/>
  </w:Type>
  <w:Type w:name="nc:IdentificationType" w:isRequested="false">
    <w:ElementInType w:name="nc:IdentificationID" w:isReference="false"
      w:minOccurs="0" w:maxOccurs="1"/>
    <w:ElementInType w:name="nc:IdentificationAugmentationPoint"
      w:isReference="false" w:minOccurs="0" w:maxOccurs="1"/>
  </w:Type>
  <w:Type w:name="nc:LocationPartType" w:isRequested="false">
    <w:ElementInType w:name="nc:LocationRoomText" w:isReference="false"
      w:minOccurs="0" w:maxOccurs="1"/>
  </w:Type>
  <w:Type w:name="nc:LocationType" w:isRequested="false">
    <w:ElementInType w:name="nc:LocationPart" w:isReference="false"
      w:minOccurs="0" w:maxOccurs="1"/>
  </w:Type>
  <w:Type w:name="nc:OrganizationType" w:isRequested="true">
    <w:ElementInType w:name="nc:OrganizationIdentification"
      w:isReference="false" w:minOccurs="0" w:maxOccurs="1"/>
    <w:ElementInType w:name="nc:OrganizationLocation"
      w:isReference="false" w:minOccurs="0" w:maxOccurs="1"/>
    <w:ElementInType w:name="nc:OrganizationName" w:isReference="false"
      w:minOccurs="0" w:maxOccurs="1"/>
    <w:ElementInType w:name="nc:OrganizationAugmentationPoint"
      w:isReference="false" w:minOccurs="0" w:maxOccurs="1"/>
  </w:Type>
  <w:Type w:name="nc:PersonNameType" w:isRequested="false">
    <w:ElementInType w:name="nc:PersonGivenName" w:isReference="false"
      w:minOccurs="0" w:maxOccurs="1"/>
    <w:ElementInType w:name="nc:PersonMiddleName" w:isReference="false"
      w:minOccurs="0" w:maxOccurs="1"/>
    <w:ElementInType w:name="nc:PersonSurName" w:isReference="false"
      w:minOccurs="0" w:maxOccurs="1"/>
    <w:ElementInType w:name="nc:PersonNameSuffixText"
      w:isReference="false" w:minOccurs="0" w:maxOccurs="1"/>
    <w:ElementInType w:name="nc:PersonFullName" w:isReference="false"
      w:minOccurs="0" w:maxOccurs="1"/>
  </w:Type>
  <w:Type w:name="nc:PersonType" w:isRequested="false">
    <w:ElementInType w:name="nc:PersonBirthDate" w:isReference="false"
      w:minOccurs="0" w:maxOccurs="1"/>
    <w:ElementInType w:name="nc:PersonDescriptionText"
      w:isReference="false" w:minOccurs="0" w:maxOccurs="1"/>
    <w:ElementInType w:name="nc:PersonName" w:isReference="false"
      w:minOccurs="0" w:maxOccurs="1"/>
    <w:ElementInType w:name="nc:PersonRaceAbstract"
      w:isReference="false" w:minOccurs="0" w:maxOccurs="1"/>
    <w:ElementInType w:name="nc:PersonSexAbstract" w:isReference="false"
      w:minOccurs="0" w:maxOccurs="1"/>
    <w:ElementInType w:name="nc:PersonSSNIdentification"
      w:isReference="false" w:minOccurs="0" w:maxOccurs="1"/>
    <w:ElementInType w:name="nc:PersonStateIdentification"
      w:isReference="false" w:minOccurs="0" w:maxOccurs="1"/>
    <w:ElementInType w:name="nc:PersonUSCitizenIndicator"
      w:isReference="false" w:minOccurs="0" w:maxOccurs="1"/>
    <w:ElementInType w:name="nc:PersonContactInformation"
      w:isReference="false" w:minOccurs="0" w:maxOccurs="1"/>
    <w:ElementInType w:name="nc:PersonAugmentationPoint"
      w:isReference="false" w:minOccurs="0" w:maxOccurs="1"/>
  </w:Type>
  <w:Type w:name="nc:StateType" w:isRequested="false">
    <w:ElementInType w:name="nc:StateRepresentation"
      w:isReference="false" w:minOccurs="0" w:maxOccurs="1"/>
  </w:Type>
  <w:Type w:name="nc:StatusType" w:isRequested="false">
    <w:ElementInType w:name="nc:StatusAbstract" w:isReference="false"
      w:minOccurs="0" w:maxOccurs="1"/>
    <w:ElementInType w:name="nc:StatusIssuerIdentification"
      w:isReference="false" w:minOccurs="0" w:maxOccurs="1"/>
  </w:Type>
  <w:Type w:name="nc:StreetType" w:isRequested="false">
    <w:ElementInType w:name="nc:StreetFullText" w:isReference="false"
      w:minOccurs="0" w:maxOccurs="1"/>
  </w:Type>
  <w:Type w:name="nc:TelephoneNumberType" w:isRequested="false">
    <w:ElementInType w:name="nc:TelephoneNumberAbstract"
      w:isReference="false" w:minOccurs="0" w:maxOccurs="unbounded"/>
  </w:Type>
  <w:Type w:name="niem-xs:decimal" w:isRequested="true"/>
  <w:Type w:name="structures:MetadataType" w:isRequested="true"/>
  <w:Type w:name="ucr:OffenseCodeSimpleType" w:isRequested="false">
    <w:Facet w:facet="enumeration" w:value="AGGRAVATED_ASSAULT"/>
    <w:Facet w:facet="enumeration" w:value="ALL_OTHER_OFFENSES"/>
    <w:Facet w:facet="enumeration" w:value="ARSON"/>
    <w:Facet w:facet="enumeration" w:value="BAD_CHECKS"/>
    <w:Facet w:facet="enumeration" w:value="BETTING-WAGERING"/>
    <w:Facet w:facet="enumeration" w:value="BRIBERY"/>
    <w:Facet w:facet="enumeration" w:value="BURGLARY-BREAKING_ENTERING"/>
    <w:Facet w:facet="enumeration" w:value="COUNTERFEIT-FORGERY"/>
    <w:Facet w:facet="enumeration" w:value="CRUELTY_TO_ANIMALS"/>
    <w:Facet w:facet="enumeration" w:value="CURFEW-LOITERING-VAGRANCY_VIOLATIONS"/>
    <w:Facet w:facet="enumeration" w:value="DAMAGE-DESTRUCTION-VANDALISM_OF_PROPERTY"/>
    <w:Facet w:facet="enumeration" w:value="DISORDERLY_CONDUCT"/>
    <w:Facet w:facet="enumeration" w:value="DRIVING_UNDER_INFLUENCE"/>
    <w:Facet w:facet="enumeration" w:value="DRUG_EQUIPMENT_VIOLATIONS"/>
    <w:Facet w:facet="enumeration" w:value="DRUG-NARCOTIC_VIOLATIONS"/>
    <w:Facet w:facet="enumeration" w:value="DRUNKENNESS"/>
    <w:Facet w:facet="enumeration" w:value="EMBEZZLEMENT"/>
    <w:Facet w:facet="enumeration" w:value="ESPIONAGE"/>
    <w:Facet w:facet="enumeration" w:value="EXPLOSIVES"/>
    <w:Facet w:facet="enumeration" w:value="EXPORT_VIOLATIONS"/>
    <w:Facet w:facet="enumeration" w:value="EXTORTION-BLACKMAIL"/>
    <w:Facet w:facet="enumeration" w:value="FAILURE_TO_APPEAR"/>
    <w:Facet w:facet="enumeration" w:value="FAMILY_OFFENSES-NONVIOLENT"/>
    <w:Facet w:facet="enumeration" w:value="FEDERAL_LIQUOR_OFFENSES"/>
    <w:Facet w:facet="enumeration" w:value="FEDERAL_RESOURCE_VIOLATIONS"/>
    <w:Facet w:facet="enumeration" w:value="FEDERAL_TOBACCO_OFFENSES"/>
    <w:Facet w:facet="enumeration" w:value="FIREARM_ACT_VIOLATION"/>
    <w:Facet w:facet="enumeration" w:value="FONDLING"/>
    <w:Facet w:facet="enumeration" w:value="FRAUD-BY_WIRE"/>
    <w:Facet w:facet="enumeration" w:value="FRAUD-CREDIT_CARD-AUTOMATIC_TELLER_MACHINE"/>
    <w:Facet w:facet="enumeration" w:value="FRAUD-FALSE_PRETENSES-SWINDLE-CONFIDENCE_GAME"/>
    <w:Facet w:facet="enumeration" w:value="FRAUD-IMPERSONATION"/>
    <w:Facet w:facet="enumeration" w:value="FRAUD-WELFARE_FRAUD"/>
    <w:Facet w:facet="enumeration" w:value="FUGITIVE-FLIGHT_TO_AVOID_DEPORTATION"/>
    <w:Facet w:facet="enumeration" w:value="FUGITIVE-FLIGHT_TO_AVOID_PROSECUTION"/>
    <w:Facet w:facet="enumeration" w:value="FUGITIVE-HARBORING_ESCAPEE-CONCEALING_FROM_ARREST"/>
    <w:Facet w:facet="enumeration" w:value="GAMBLING-EQUIPMENT_VIOLATION"/>
    <w:Facet w:facet="enumeration" w:value="GAMBLING-OPERATING_PROMOTING_ASSISTING"/>
    <w:Facet w:facet="enumeration" w:value="HACKING-COMPUTER_INVASION"/>
    <w:Facet w:facet="enumeration" w:value="HUMAN_TRAFFICKING-COMMERCIAL_SEX_ACTS"/>
    <w:Facet w:facet="enumeration" w:value="HUMAN_TRAFFICKING-INVOLUNTARY_SERVITUDE"/>
    <w:Facet w:facet="enumeration" w:value="IDENTITY_THEFT"/>
    <w:Facet w:facet="enumeration" w:value="IMMIGRATION-FALSE_CITIZENSHIP"/>
    <w:Facet w:facet="enumeration" w:value="IMMIGRATION-ILLEGAL_ENTRY_INTO_US"/>
    <w:Facet w:facet="enumeration" w:value="IMMIGRATION-OTHER_IMMIGRATION_VIOLATIONS"/>
    <w:Facet w:facet="enumeration" w:value="IMMIGRATION-RE_ENTRY_AFTER_DEPORTATION"/>
    <w:Facet w:facet="enumeration" w:value="IMMIGRATION-SMUGGLING_ALIENS"/>
    <w:Facet w:facet="enumeration" w:value="IMPORT_VIOLATIONS"/>
    <w:Facet w:facet="enumeration" w:value="INCEST"/>
    <w:Facet w:facet="enumeration" w:value="INTIMIDATION"/>
    <w:Facet w:facet="enumeration" w:value="JUSTIFIABLE_HOMICIDE"/>
    <w:Facet w:facet="enumeration" w:value="KIDNAPPING-ABDUCTION"/>
    <w:Facet w:facet="enumeration" w:value="LARCENY"/>
    <w:Facet w:facet="enumeration" w:value="LARCENY-FROM_AUTO"/>
    <w:Facet w:facet="enumeration" w:value="LARCENY-FROM_BUILDING"/>
    <w:Facet w:facet="enumeration" w:value="LARCENY-FROM_COIN_OPERATED_MACHINE"/>
    <w:Facet w:facet="enumeration" w:value="LARCENY-PARTS_FROM_VEHICLE"/>
    <w:Facet w:facet="enumeration" w:value="LIQUOR_LAW_VIOLATIONS"/>
    <w:Facet w:facet="enumeration" w:value="MANSLAUGHTER_NEGLIGENT"/>
    <w:Facet w:facet="enumeration" w:value="MANSLAUGHTER_NONNEGLIGENT-MURDER"/>
    <w:Facet w:facet="enumeration" w:value="MONEY_LAUNDERING"/>
    <w:Facet w:facet="enumeration" w:value="MOTOR_VEHICLE_THEFT"/>
    <w:Facet w:facet="enumeration" w:value="OBSCENE_MATERIAL-PORNOGRAPHY"/>
    <w:Facet w:facet="enumeration" w:value="PEEPING_TOM"/>
    <w:Facet w:facet="enumeration" w:value="PERJURY"/>
    <w:Facet w:facet="enumeration" w:value="POCKET_PICKING"/>
    <w:Facet w:facet="enumeration" w:value="PROSTITUTION"/>
    <w:Facet w:facet="enumeration" w:value="PROSTITUTION-ASSISTING_OR_PROMOTING"/>
    <w:Facet w:facet="enumeration" w:value="PROSTITUTION-PURCHASING"/>
    <w:Facet w:facet="enumeration" w:value="PURSE_SNATCHING"/>
    <w:Facet w:facet="enumeration" w:value="RAPE"/>
    <w:Facet w:facet="enumeration" w:value="RAPE-STATUTORY"/>
    <w:Facet w:facet="enumeration" w:value="ROBBERY"/>
    <w:Facet w:facet="enumeration" w:value="SEX_ASSAULT-OBJECT"/>
    <w:Facet w:facet="enumeration" w:value="SEX_OFFENDER_REGISTRATION_VIOLATION"/>
    <w:Facet w:facet="enumeration" w:value="SHOPLIFTING"/>
    <w:Facet w:facet="enumeration" w:value="SIMPLE_ASSAULT"/>
    <w:Facet w:facet="enumeration" w:value="SODOMY"/>
    <w:Facet w:facet="enumeration" w:value="SPORTS_TAMPERING"/>
    <w:Facet w:facet="enumeration" w:value="STOLEN_PROPERTY_OFFENSES"/>
    <w:Facet w:facet="enumeration" w:value="TREASON"/>
    <w:Facet w:facet="enumeration" w:value="TRESPASSING"/>
    <w:Facet w:facet="enumeration" w:value="WEAPON_LAW_VIOLATIONS"/>
    <w:Facet w:facet="enumeration" w:value="WEAPONS_OF_MASS_DESTRUCTION"/>
    <w:Facet w:facet="enumeration" w:value="WILDLIFE_TRAFFICKING"/>
  </w:Type>
</w:WantList>
