<?xml version="1.0" encoding="UTF-8"?>
<w:WantList w:release="5.2" w:product="NIEM" w:nillableDefault="true"
  xmlns:hs="http://release.niem.gov/niem/domains/humanServices/5.2/"
  xmlns:nc="http://release.niem.gov/niem/niem-core/5.0/"
  xmlns:w="http://niem.gov/niem/wantlist/2.2"
  xmlns:j="http://release.niem.gov/niem/domains/jxdm/7.2/"
  xmlns:cbrncl="http://release.niem.gov/niem/codes/cbrncl/5.0/"
  xmlns:ucr="http://release.niem.gov/niem/codes/ucr/5.1/" xmlns:ncic="http://release.niem.gov/niem/codes/ncic/5.2/">
  <w:Element w:name="hs:DrugUseFrequencyDescriptionText"
    w:isReference="false" w:nillable="false"/>
  <w:Element w:name="hs:PersonAugmentation" w:isReference="false" w:nillable="false"/>
  <w:Element w:name="j:CaseAugmentation" w:isReference="false" w:nillable="false"/>
  <w:Element w:name="j:Conviction" w:isReference="false" w:nillable="true"/>
  <w:Element w:name="j:CourtOrder" w:isReference="false" w:nillable="true"/>
  <w:Element w:name="j:DrugCategoryCode" w:isReference="false" w:nillable="false"/>
  <w:Element w:name="j:Incarceration" w:isReference="false" w:nillable="true"/>
  <w:Element w:name="j:Sentence" w:isReference="false" w:nillable="true"/>
  <w:Element w:name="j:SentenceModification" w:isReference="false" w:nillable="true"/>
  <w:Element w:name="j:SubjectAssignment" w:isReference="false" w:nillable="true"/>
  <w:Element w:name="j:SupervisionAugmentation" w:isReference="false" w:nillable="false"/>
  <w:Element w:name="nc:AddressCountyName" w:isReference="false" w:nillable="true"/>
  <w:Element w:name="nc:Case" w:isReference="false" w:nillable="true"/>
  <w:Element w:name="nc:ContactMailingAddress" w:isReference="false" w:nillable="false"/>
  <w:Element w:name="nc:ContactTelephoneNumber" w:isReference="false" w:nillable="false"/>
  <w:Element w:name="nc:Date" w:isReference="false" w:nillable="false"/>
  <w:Element w:name="nc:DateTime" w:isReference="false" w:nillable="false"/>
  <w:Element w:name="nc:DispositionCategoryText" w:isReference="false" w:nillable="false"/>
  <w:Element w:name="nc:Document" w:isReference="false" w:nillable="true"/>
  <w:Element w:name="nc:EntityPerson" w:isReference="false" w:nillable="false"/>
  <w:Element w:name="nc:FullTelephoneNumber" w:isReference="false" w:nillable="false"/>
  <w:Element w:name="ncic:PersonRaceCode" w:isReference="false" w:nillable="false"/>
  <w:Element w:name="ncic:PersonSexCode" w:isReference="false" w:nillable="false"/>
  <w:Type w:name="cbrncl:CaseStatusCodeSimpleType" w:isRequested="false">
    <w:Facet w:facet="enumeration" w:value="Active-Hot"/>
    <w:Facet w:facet="enumeration" w:value="Active-Routine"/>
    <w:Facet w:facet="enumeration" w:value="Active-Threat"/>
    <w:Facet w:facet="enumeration" w:value="Active-Watch"/>
    <w:Facet w:facet="enumeration" w:value="Closed-Error"/>
    <w:Facet w:facet="enumeration" w:value="Closed-Normal"/>
    <w:Facet w:facet="enumeration" w:value="Inactive"/>
    <w:Facet w:facet="enumeration" w:value="Merged"/>
    <w:Facet w:facet="enumeration" w:value="Pending"/>
    <w:Facet w:facet="enumeration" w:value="Suspended"/>
    <w:Facet w:facet="enumeration" w:value="Unknown"/>
  </w:Type>
  <w:Type w:name="hs:HealthDetailsType" w:isRequested="false">
    <w:ElementInType w:name="hs:SubstanceAbuseDetails"
      w:isReference="false" w:minOccurs="0" w:maxOccurs="1"/>
  </w:Type>
  <w:Type w:name="hs:PersonAugmentationType" w:isRequested="false">
    <w:ElementInType w:name="hs:HealthDetails" w:isReference="false"
      w:minOccurs="0" w:maxOccurs="1"/>
  </w:Type>
  <w:Type w:name="hs:SubstanceAbuseDetailsType" w:isRequested="false">
    <w:ElementInType w:name="hs:DrugUseFrequencyAbstract"
      w:isReference="false" w:minOccurs="0" w:maxOccurs="1"/>
    <w:ElementInType w:name="nc:Substance" w:isReference="false"
      w:minOccurs="0" w:maxOccurs="1"/>
  </w:Type>
  <w:Type w:name="j:CaseAugmentationType" w:isRequested="false">
    <w:ElementInType w:name="j:CaseCourt" w:isReference="false"
      w:minOccurs="0" w:maxOccurs="1"/>
    <w:ElementInType w:name="j:CaseCourtEvent" w:isReference="false"
      w:minOccurs="0" w:maxOccurs="1"/>
    <w:ElementInType w:name="j:CaseDefenseAttorney"
      w:isReference="false" w:minOccurs="0" w:maxOccurs="1"/>
    <w:ElementInType w:name="j:CaseProsecutionAttorney"
      w:isReference="false" w:minOccurs="0" w:maxOccurs="1"/>
  </w:Type>
  <w:Type w:name="j:ChargeType" w:isRequested="false">
    <w:ElementInType w:name="j:ChargeCountQuantity"
      w:isReference="false" w:minOccurs="0" w:maxOccurs="1"/>
    <w:ElementInType w:name="j:ChargeDisposition" w:isReference="false"
      w:minOccurs="0" w:maxOccurs="1"/>
    <w:ElementInType w:name="j:ChargeEnhancingAllegationCharge"
      w:isReference="false" w:minOccurs="0" w:maxOccurs="unbounded"/>
    <w:ElementInType w:name="j:ChargeStatute" w:isReference="false"
      w:minOccurs="0" w:maxOccurs="1"/>
    <w:ElementInType w:name="j:ChargeAugmentationPoint"
      w:isReference="false" w:minOccurs="0" w:maxOccurs="1"/>
  </w:Type>
  <w:Type w:name="j:ConvictionType" w:isRequested="false">
    <w:ElementInType w:name="j:ConvictionPlea" w:isReference="false"
      w:minOccurs="0" w:maxOccurs="1"/>
    <w:ElementInType w:name="j:ConvictionVerdict" w:isReference="false"
      w:minOccurs="0" w:maxOccurs="1"/>
  </w:Type>
  <w:Type w:name="j:CourtOrderType" w:isRequested="false">
    <w:ElementInType w:name="j:CourtOrderDesignatedSubject"
      w:isReference="false" w:minOccurs="0" w:maxOccurs="1"/>
    <w:ElementInType w:name="j:CourtOrderIssuingDate"
      w:isReference="false" w:minOccurs="0" w:maxOccurs="1"/>
    <w:ElementInType w:name="j:CourtOrderIssuingJudicialOfficial"
      w:isReference="false" w:minOccurs="0" w:maxOccurs="1"/>
    <w:ElementInType w:name="j:CourtOrderAugmentationPoint"
      w:isReference="false" w:minOccurs="0" w:maxOccurs="1"/>
  </w:Type>
  <w:Type w:name="j:CourtType" w:isRequested="false">
    <w:ElementInType w:name="j:CourtName" w:isReference="false"
      w:minOccurs="0" w:maxOccurs="1"/>
    <w:ElementInType w:name="j:CourtDivisionText" w:isReference="false"
      w:minOccurs="0" w:maxOccurs="1"/>
    <w:ElementInType w:name="j:CourtAugmentationPoint"
      w:isReference="false" w:minOccurs="0" w:maxOccurs="1"/>
  </w:Type>
  <w:Type w:name="j:JudicialOfficialType" w:isRequested="false">
    <w:ElementInType w:name="nc:RoleOfPerson" w:isReference="false"
      w:minOccurs="0" w:maxOccurs="1"/>
  </w:Type>
  <w:Type w:name="j:PleaType" w:isRequested="false">
    <w:ElementInType w:name="j:PleaDescriptionText"
      w:isReference="false" w:minOccurs="1" w:maxOccurs="1"/>
  </w:Type>
  <w:Type w:name="j:SentenceModificationType" w:isRequested="false">
    <w:ElementInType w:name="j:SentenceModificationDismissalIndicator"
      w:isReference="false" w:minOccurs="0" w:maxOccurs="1"/>
  </w:Type>
  <w:Type w:name="j:SentenceType" w:isRequested="false">
    <w:ElementInType w:name="j:SentenceCharge" w:isReference="false"
      w:minOccurs="1" w:maxOccurs="unbounded"/>
    <w:ElementInType w:name="j:SentenceConfinementCreditIndicator"
      w:isReference="false" w:minOccurs="0" w:maxOccurs="1"/>
    <w:ElementInType w:name="j:SentenceDescriptionText"
      w:isReference="false" w:minOccurs="0" w:maxOccurs="1"/>
    <w:ElementInType w:name="j:SentenceTerm" w:isReference="false"
      w:minOccurs="0" w:maxOccurs="1"/>
    <w:ElementInType w:name="j:SentenceAugmentationPoint"
      w:isReference="false" w:minOccurs="0" w:maxOccurs="1"/>
  </w:Type>
  <w:Type w:name="j:StatuteType" w:isRequested="false">
    <w:ElementInType w:name="j:StatuteCodeIdentification"
      w:isReference="false" w:minOccurs="0" w:maxOccurs="1"/>
  </w:Type>
  <w:Type w:name="j:SubjectAssignmentType" w:isRequested="false">
    <w:ElementInType w:name="j:ServiceDeliveryProgram"
      w:isReference="false" w:minOccurs="0" w:maxOccurs="1"/>
  </w:Type>
  <w:Type w:name="j:SubjectType" w:isRequested="false">
    <w:ElementInType w:name="nc:RoleOfPerson" w:isReference="false"
      w:minOccurs="0" w:maxOccurs="1"/>
  </w:Type>
  <w:Type w:name="j:SupervisionAugmentationType" w:isRequested="false">
    <w:ElementInType w:name="j:SupervisionAssignedTerm"
      w:isReference="false" w:minOccurs="0" w:maxOccurs="1"/>
  </w:Type>
  <w:Type w:name="j:TermType" w:isRequested="false">
    <w:ElementInType w:name="j:TermDuration" w:isReference="false"
      w:minOccurs="0" w:maxOccurs="1"/>
    <w:ElementInType w:name="j:TermMinimumDuration"
      w:isReference="false" w:minOccurs="0" w:maxOccurs="1"/>
    <w:ElementInType w:name="j:TermAugmentationPoint"
      w:isReference="false" w:minOccurs="0" w:maxOccurs="1"/>
  </w:Type>
  <w:Type w:name="j:VerdictType" w:isRequested="false">
    <w:ElementInType w:name="j:VerdictDescriptionText"
      w:isReference="false" w:minOccurs="1" w:maxOccurs="1"/>
  </w:Type>
  <w:Type w:name="nc:ActivityType" w:isRequested="false">
    <w:ElementInType w:name="nc:ActivityIdentification"
      w:isReference="false" w:minOccurs="0" w:maxOccurs="1"/>
    <w:ElementInType w:name="nc:ActivityDate" w:isReference="false"
      w:minOccurs="0" w:maxOccurs="1"/>
    <w:ElementInType w:name="nc:ActivityName" w:isReference="false"
      w:minOccurs="0" w:maxOccurs="1"/>
  </w:Type>
  <w:Type w:name="nc:AddressType" w:isRequested="false">
    <w:ElementInType w:name="nc:AddressFullText" w:isReference="false"
      w:minOccurs="0" w:maxOccurs="1"/>
  </w:Type>
  <w:Type w:name="nc:CaseType" w:isRequested="false">
    <w:ElementInType w:name="nc:CaseDocketID" w:isReference="false"
      w:minOccurs="0" w:maxOccurs="1"/>
    <w:ElementInType w:name="nc:CaseAugmentationPoint"
      w:isReference="false" w:minOccurs="0" w:maxOccurs="1"/>
  </w:Type>
  <w:Type w:name="nc:ContactInformationType" w:isRequested="false">
    <w:ElementInType w:name="nc:ContactMeansAbstract"
      w:isReference="false" w:minOccurs="0" w:maxOccurs="unbounded"/>
  </w:Type>
  <w:Type w:name="nc:DateType" w:isRequested="false">
    <w:ElementInType w:name="nc:DateRepresentation"
      w:isReference="false" w:minOccurs="1" w:maxOccurs="1"/>
  </w:Type>
  <w:Type w:name="nc:DispositionType" w:isRequested="false">
    <w:ElementInType w:name="nc:DispositionCategoryAbstract"
      w:isReference="false" w:minOccurs="0" w:maxOccurs="1"/>
    <w:ElementInType w:name="nc:DispositionDescriptionText"
      w:isReference="false" w:minOccurs="0" w:maxOccurs="1"/>
    <w:ElementInType w:name="nc:DispositionText" w:isReference="false"
      w:minOccurs="0" w:maxOccurs="1"/>
  </w:Type>
  <w:Type w:name="nc:DocumentType" w:isRequested="false">
    <w:ElementInType w:name="nc:DocumentSubmitter" w:isReference="false"
      w:minOccurs="0" w:maxOccurs="1"/>
  </w:Type>
  <w:Type w:name="nc:EntityType" w:isRequested="false">
    <w:ElementInType w:name="nc:EntityRepresentation"
      w:isReference="false" w:minOccurs="0" w:maxOccurs="1"/>
  </w:Type>
  <w:Type w:name="nc:FullTelephoneNumberType" w:isRequested="false">
    <w:ElementInType w:name="nc:TelephoneNumberFullID"
      w:isReference="false" w:minOccurs="0" w:maxOccurs="1"/>
  </w:Type>
  <w:Type w:name="nc:IdentificationType" w:isRequested="false">
    <w:ElementInType w:name="nc:IdentificationID" w:isReference="false"
      w:minOccurs="0" w:maxOccurs="unbounded"/>
    <w:ElementInType w:name="nc:IdentificationCategoryAbstract"
      w:isReference="false" w:minOccurs="0" w:maxOccurs="unbounded"/>
  </w:Type>
  <w:Type w:name="nc:PersonNameType" w:isRequested="false">
    <w:ElementInType w:name="nc:PersonFullName" w:isReference="false"
      w:minOccurs="0" w:maxOccurs="1"/>
  </w:Type>
  <w:Type w:name="nc:PersonType" w:isRequested="false">
    <w:ElementInType w:name="nc:PersonBirthDate" w:isReference="false"
      w:minOccurs="0" w:maxOccurs="1"/>
    <w:ElementInType w:name="nc:PersonName" w:isReference="false"
      w:minOccurs="0" w:maxOccurs="1"/>
    <w:ElementInType w:name="nc:PersonRaceAbstract"
      w:isReference="false" w:minOccurs="0" w:maxOccurs="1"/>
    <w:ElementInType w:name="nc:PersonSexAbstract" w:isReference="false"
      w:minOccurs="0" w:maxOccurs="1"/>
    <w:ElementInType w:name="nc:PersonStateIdentification"
      w:isReference="false" w:minOccurs="0" w:maxOccurs="1"/>
    <w:ElementInType w:name="nc:PersonContactInformation"
      w:isReference="false" w:minOccurs="0" w:maxOccurs="1"/>
    <w:ElementInType w:name="nc:PersonAugmentationPoint"
      w:isReference="false" w:minOccurs="0" w:maxOccurs="1"/>
  </w:Type>
  <w:Type w:name="nc:SubstanceType" w:isRequested="false">
    <w:ElementInType w:name="nc:SubstanceCategoryAbstract"
      w:isReference="false" w:minOccurs="0" w:maxOccurs="1"/>
  </w:Type>
  <w:Type w:name="nc:SupervisionType" w:isRequested="false">
    <w:ElementInType w:name="nc:SupervisionAugmentationPoint"
      w:isReference="false" w:minOccurs="0" w:maxOccurs="1"/>
  </w:Type>
  <w:Type w:name="nc:TelephoneNumberType" w:isRequested="false">
    <w:ElementInType w:name="nc:TelephoneNumberAbstract"
      w:isReference="false" w:minOccurs="0" w:maxOccurs="1"/>
  </w:Type>
  <w:Type w:name="ncic:RACECodeSimpleType" w:isRequested="false">
    <w:Facet w:facet="enumeration" w:value="A"/>
    <w:Facet w:facet="enumeration" w:value="B"/>
    <w:Facet w:facet="enumeration" w:value="I"/>
    <w:Facet w:facet="enumeration" w:value="U"/>
    <w:Facet w:facet="enumeration" w:value="W"/>
  </w:Type>
  <w:Type w:name="ncic:SEXCodeSimpleType" w:isRequested="false">
    <w:Facet w:facet="enumeration" w:value="F"/>
    <w:Facet w:facet="enumeration" w:value="M"/>
    <w:Facet w:facet="enumeration" w:value="U"/>
  </w:Type>
  <w:Type w:name="ucr:DrugCategoryCodeSimpleType" w:isRequested="false">
    <w:Facet w:facet="enumeration" w:value="AMPHETAMINES-METHAMPHETAMINES"/>
    <w:Facet w:facet="enumeration" w:value="BARBITURATES"/>
    <w:Facet w:facet="enumeration" w:value="COCAINE"/>
    <w:Facet w:facet="enumeration" w:value="CRACK_COCAINE"/>
    <w:Facet w:facet="enumeration" w:value="HASHISH"/>
    <w:Facet w:facet="enumeration" w:value="HEROIN"/>
    <w:Facet w:facet="enumeration" w:value="LSD"/>
    <w:Facet w:facet="enumeration" w:value="MARIJUANA"/>
    <w:Facet w:facet="enumeration" w:value="MORPHINE"/>
    <w:Facet w:facet="enumeration" w:value="OPIUM"/>
    <w:Facet w:facet="enumeration" w:value="OTHER_DEPRESSANTS"/>
    <w:Facet w:facet="enumeration" w:value="OTHER_DRUGS"/>
    <w:Facet w:facet="enumeration" w:value="OTHER_HALLUCINOGENS"/>
    <w:Facet w:facet="enumeration" w:value="OTHER_NARCOTICS"/>
    <w:Facet w:facet="enumeration" w:value="OTHER_STIMULANTS"/>
    <w:Facet w:facet="enumeration" w:value="OVER_THREE_DRUG_TYPES"/>
    <w:Facet w:facet="enumeration" w:value="PCP"/>
    <w:Facet w:facet="enumeration" w:value="UNKNOWN_DRUG_TYPE"/>
  </w:Type>
</w:WantList>
