<?xml version="1.0" encoding="UTF-8"?>
<w:WantList w:release="5.2" w:product="NIEM" w:nillableDefault="true"
  xmlns:w="http://niem.gov/niem/wantlist/2.2"
  xmlns:aamva_d20="http://release.niem.gov/niem/codes/aamva_d20/5.0/"
  xmlns:hs="http://release.niem.gov/niem/domains/humanServices/5.2/"
  xmlns:unece="http://release.niem.gov/niem/codes/unece_rec20/5.0/"
  xmlns:scr="http://release.niem.gov/niem/domains/screening/5.2/"
  xmlns:em="http://release.niem.gov/niem/domains/emergencyManagement/5.2/"
  xmlns:j="http://release.niem.gov/niem/domains/jxdm/7.2/"
  xmlns:im="http://release.niem.gov/niem/domains/immigration/5.2/"
  xmlns:ndex="http://release.niem.gov/niem/codes/ndex/5.0/"
  xmlns:ncic="http://release.niem.gov/niem/codes/ncic/5.2/" xmlns:nc="http://release.niem.gov/niem/niem-core/5.0/">
  <w:Element w:name="em:PersonAlternateName" w:isReference="false" w:nillable="false"/>
  <w:Element w:name="hs:ChargeAugmentation" w:isReference="false" w:nillable="false"/>
  <w:Element w:name="hs:EmployerAugmentation" w:isReference="false" w:nillable="false"/>
  <w:Element w:name="hs:PersonAugmentation" w:isReference="false" w:nillable="false"/>
  <w:Element w:name="hs:PersonGenderIdentityCode" w:isReference="false" w:nillable="false"/>
  <w:Element w:name="hs:PersonGenderIdentityText" w:isReference="false" w:nillable="false"/>
  <w:Element w:name="im:PersonNameAugmentation" w:isReference="false" w:nillable="false"/>
  <w:Element w:name="j:Arrest" w:isReference="false" w:nillable="false"/>
  <w:Element w:name="j:BailBond" w:isReference="false" w:nillable="false"/>
  <w:Element w:name="j:Booking" w:isReference="false" w:nillable="false"/>
  <w:Element w:name="j:CaseAugmentation" w:isReference="false" w:nillable="false"/>
  <w:Element w:name="j:CaseCourtEvent" w:isReference="false" w:nillable="false"/>
  <w:Element w:name="j:Offense" w:isReference="false" w:nillable="false"/>
  <w:Element w:name="j:OrganizationAugmentation" w:isReference="false" w:nillable="false"/>
  <w:Element w:name="j:PersonAugmentation" w:isReference="false" w:nillable="false"/>
  <w:Element w:name="j:PersonEyeColorCode" w:isReference="false" w:nillable="false"/>
  <w:Element w:name="j:WarrantCategoryCode" w:isReference="false" w:nillable="false"/>
  <w:Element w:name="nc:Address" w:isReference="false" w:nillable="false"/>
  <w:Element w:name="nc:AddressCrossStreet" w:isReference="false" w:nillable="false"/>
  <w:Element w:name="nc:AddressDeliveryPointID" w:isReference="false" w:nillable="false"/>
  <w:Element w:name="nc:AddressRouteName" w:isReference="false" w:nillable="false"/>
  <w:Element w:name="nc:AddressStreet" w:isReference="false" w:nillable="false"/>
  <w:Element w:name="nc:Base64BinaryObject" w:isReference="false" w:nillable="false"/>
  <w:Element w:name="nc:BinaryFormatText" w:isReference="false" w:nillable="false"/>
  <w:Element w:name="nc:Case" w:isReference="false" w:nillable="true"/>
  <w:Element w:name="nc:ContactEmailID" w:isReference="false" w:nillable="false"/>
  <w:Element w:name="nc:ContactMailingAddress" w:isReference="false" w:nillable="false"/>
  <w:Element w:name="nc:ContactTelephoneNumber" w:isReference="false" w:nillable="false"/>
  <w:Element w:name="nc:CountryName" w:isReference="false" w:nillable="false"/>
  <w:Element w:name="nc:Date" w:isReference="false" w:nillable="false"/>
  <w:Element w:name="nc:DateTime" w:isReference="false" w:nillable="false"/>
  <w:Element w:name="nc:DayDate" w:isReference="false" w:nillable="false"/>
  <w:Element w:name="nc:EmployeeOccupationText" w:isReference="false" w:nillable="true"/>
  <w:Element w:name="nc:Employer" w:isReference="false" w:nillable="true"/>
  <w:Element w:name="nc:EmploymentStatus" w:isReference="false" w:nillable="true"/>
  <w:Element w:name="nc:FullTelephoneNumber" w:isReference="false" w:nillable="false"/>
  <w:Element w:name="nc:Incident" w:isReference="false" w:nillable="true"/>
  <w:Element w:name="nc:InternationalTelephoneNumber"
    w:isReference="false" w:nillable="false"/>
  <w:Element w:name="nc:LanguageName" w:isReference="false" w:nillable="false"/>
  <w:Element w:name="nc:Location" w:isReference="false" w:nillable="false"/>
  <w:Element w:name="nc:MeasureValueText" w:isReference="false" w:nillable="false"/>
  <w:Element w:name="nc:OrganizationName" w:isReference="false" w:nillable="false"/>
  <w:Element w:name="nc:PersonAliasIdentityAssociation"
    w:isReference="false" w:nillable="true"/>
  <w:Element w:name="nc:PersonEmploymentAssociation"
    w:isReference="false" w:nillable="false"/>
  <w:Element w:name="nc:PersonEthnicityText" w:isReference="false" w:nillable="false"/>
  <w:Element w:name="nc:PersonEyeColorText" w:isReference="false" w:nillable="false"/>
  <w:Element w:name="nc:PersonHairColorText" w:isReference="false" w:nillable="false"/>
  <w:Element w:name="nc:PersonNamePrefixText" w:isReference="false" w:nillable="false"/>
  <w:Element w:name="nc:PersonRaceText" w:isReference="false" w:nillable="false"/>
  <w:Element w:name="nc:PersonSexText" w:isReference="false" w:nillable="false"/>
  <w:Element w:name="nc:PersonSexualOrientationText"
    w:isReference="false" w:nillable="false"/>
  <w:Element w:name="nc:PersonSkinToneText" w:isReference="false" w:nillable="false"/>
  <w:Element w:name="nc:StateName" w:isReference="false" w:nillable="false"/>
  <w:Element w:name="nc:StreetDirectionalText" w:isReference="false" w:nillable="false"/>
  <w:Element w:name="nc:YearDate" w:isReference="false" w:nillable="true"/>
  <w:Element w:name="ncic:StateUSCode" w:isReference="false" w:nillable="false"/>
  <w:Element w:name="scr:WarrantAugmentation" w:isReference="false" w:nillable="false"/>
  <w:Element w:name="unece:LengthUnitCode" w:isReference="false" w:nillable="false"/>
  <w:Type w:name="aamva_d20:CourtCategoryCodeSimpleType" w:isRequested="false">
    <w:Facet w:facet="enumeration" w:value="ADM"/>
    <w:Facet w:facet="enumeration" w:value="CHA"/>
    <w:Facet w:facet="enumeration" w:value="CIR"/>
    <w:Facet w:facet="enumeration" w:value="CIT"/>
    <w:Facet w:facet="enumeration" w:value="CIV"/>
    <w:Facet w:facet="enumeration" w:value="COC"/>
    <w:Facet w:facet="enumeration" w:value="COR"/>
    <w:Facet w:facet="enumeration" w:value="CRI"/>
    <w:Facet w:facet="enumeration" w:value="DIS"/>
    <w:Facet w:facet="enumeration" w:value="DOT"/>
    <w:Facet w:facet="enumeration" w:value="FED"/>
    <w:Facet w:facet="enumeration" w:value="GEN"/>
    <w:Facet w:facet="enumeration" w:value="HUS"/>
    <w:Facet w:facet="enumeration" w:value="JPC"/>
    <w:Facet w:facet="enumeration" w:value="JUS"/>
    <w:Facet w:facet="enumeration" w:value="JUV"/>
    <w:Facet w:facet="enumeration" w:value="LEC"/>
    <w:Facet w:facet="enumeration" w:value="MAG"/>
    <w:Facet w:facet="enumeration" w:value="MAY"/>
    <w:Facet w:facet="enumeration" w:value="MUN"/>
    <w:Facet w:facet="enumeration" w:value="OTH"/>
    <w:Facet w:facet="enumeration" w:value="POL"/>
    <w:Facet w:facet="enumeration" w:value="SJC"/>
    <w:Facet w:facet="enumeration" w:value="SPL"/>
    <w:Facet w:facet="enumeration" w:value="SSP"/>
    <w:Facet w:facet="enumeration" w:value="SUM"/>
    <w:Facet w:facet="enumeration" w:value="SUP"/>
    <w:Facet w:facet="enumeration" w:value="TJC"/>
    <w:Facet w:facet="enumeration" w:value="TRA"/>
    <w:Facet w:facet="enumeration" w:value="TRI"/>
    <w:Facet w:facet="enumeration" w:value="TWN"/>
    <w:Facet w:facet="enumeration" w:value="UNK"/>
    <w:Facet w:facet="enumeration" w:value="USC"/>
    <w:Facet w:facet="enumeration" w:value="USM"/>
    <w:Facet w:facet="enumeration" w:value="USS"/>
  </w:Type>
  <w:Type w:name="aamva_d20:CourtCategoryCodeType" w:isRequested="true"/>
  <w:Type w:name="hs:ChargeAugmentationType" w:isRequested="false">
    <w:ElementInType w:name="j:BailBond" w:isReference="false"
      w:minOccurs="0" w:maxOccurs="1"/>
  </w:Type>
  <w:Type w:name="hs:EmployerAugmentationType" w:isRequested="false">
    <w:ElementInType w:name="hs:EmployerName" w:isReference="false"
      w:minOccurs="0" w:maxOccurs="1"/>
  </w:Type>
  <w:Type w:name="hs:PersonAugmentationType" w:isRequested="false">
    <w:ElementInType w:name="hs:EmployerContactInformation"
      w:isReference="false" w:minOccurs="0" w:maxOccurs="unbounded"/>
    <w:ElementInType w:name="hs:AlienIdentification"
      w:isReference="false" w:minOccurs="0" w:maxOccurs="1"/>
    <w:ElementInType w:name="hs:PersonGenderIdentityAbstract"
      w:isReference="false" w:minOccurs="0" w:maxOccurs="unbounded"/>
  </w:Type>
  <w:Type w:name="hs:PersonGenderIdentityCodeSimpleType" w:isRequested="false">
    <w:Facet w:facet="enumeration" w:value="Did not disclose"/>
    <w:Facet w:facet="enumeration" w:value="Female"/>
    <w:Facet w:facet="enumeration" w:value="Genderqueer/Gender Non-conforming"/>
    <w:Facet w:facet="enumeration" w:value="Intersex/Non-binary gender"/>
    <w:Facet w:facet="enumeration" w:value="Male"/>
    <w:Facet w:facet="enumeration" w:value="Transgender Female to Male (FTM)"/>
    <w:Facet w:facet="enumeration" w:value="Transgender General"/>
    <w:Facet w:facet="enumeration" w:value="Transgender Male to Female (MTF)"/>
    <w:Facet w:facet="enumeration" w:value="Unknown"/>
  </w:Type>
  <w:Type w:name="im:PersonNameAugmentationType" w:isRequested="false">
    <w:ElementInType w:name="im:PersonNickName" w:isReference="false"
      w:minOccurs="0" w:maxOccurs="unbounded"/>
  </w:Type>
  <w:Type w:name="j:AppointmentType" w:isRequested="false">
    <w:ElementInType w:name="j:AppointmentPriorityText"
      w:isReference="false" w:minOccurs="0" w:maxOccurs="1"/>
    <w:ElementInType w:name="j:AppointmentResultsText"
      w:isReference="false" w:minOccurs="0" w:maxOccurs="1"/>
  </w:Type>
  <w:Type w:name="j:ArrestType" w:isRequested="false">
    <w:ElementInType w:name="j:ArrestAgency" w:isReference="false"
      w:minOccurs="0" w:maxOccurs="1"/>
    <w:ElementInType w:name="j:ArrestCharge" w:isReference="false"
      w:minOccurs="0" w:maxOccurs="unbounded"/>
    <w:ElementInType w:name="j:ArrestOfficial" w:isReference="false"
      w:minOccurs="0" w:maxOccurs="unbounded"/>
    <w:ElementInType w:name="j:ArrestWarrant" w:isReference="false"
      w:minOccurs="0" w:maxOccurs="1"/>
    <w:ElementInType w:name="j:ArrestAugmentationPoint"
      w:isReference="false" w:minOccurs="0" w:maxOccurs="2"/>
  </w:Type>
  <w:Type w:name="j:BailBondType" w:isRequested="true">
    <w:ElementInType w:name="j:BailBondAmount" w:isReference="false"
      w:minOccurs="0" w:maxOccurs="1"/>
  </w:Type>
  <w:Type w:name="j:BookingType" w:isRequested="false">
    <w:ElementInType w:name="j:BookingAgency" w:isReference="false"
      w:minOccurs="0" w:maxOccurs="1"/>
    <w:ElementInType w:name="j:BookingAgencyRecordIdentification"
      w:isReference="false" w:minOccurs="0" w:maxOccurs="1"/>
    <w:ElementInType w:name="j:BookingDocumentControlIdentification"
      w:isReference="false" w:minOccurs="0" w:maxOccurs="1"/>
    <w:ElementInType w:name="j:BookingRelease" w:isReference="false"
      w:minOccurs="0" w:maxOccurs="1"/>
    <w:ElementInType w:name="j:BookingSubject" w:isReference="false"
      w:minOccurs="0" w:maxOccurs="1"/>
    <w:ElementInType w:name="j:Arrest" w:isReference="false"
      w:minOccurs="0" w:maxOccurs="1"/>
  </w:Type>
  <w:Type w:name="j:CaseAugmentationType" w:isRequested="false">
    <w:ElementInType w:name="j:CaseCourt" w:isReference="false"
      w:minOccurs="0" w:maxOccurs="unbounded"/>
    <w:ElementInType w:name="j:CaseCourtEvent" w:isReference="false"
      w:minOccurs="0" w:maxOccurs="unbounded"/>
  </w:Type>
  <w:Type w:name="j:ChargeType" w:isRequested="false">
    <w:ElementInType w:name="j:ChargeCategoryDescriptionText"
      w:isReference="false" w:minOccurs="0" w:maxOccurs="1"/>
    <w:ElementInType w:name="j:ChargeCountQuantity"
      w:isReference="false" w:minOccurs="0" w:maxOccurs="unbounded"/>
    <w:ElementInType w:name="j:ChargeDescriptionText"
      w:isReference="false" w:minOccurs="0" w:maxOccurs="1"/>
    <w:ElementInType w:name="j:ChargeFilingDate" w:isReference="false"
      w:minOccurs="0" w:maxOccurs="1"/>
    <w:ElementInType w:name="j:ChargeIdentification"
      w:isReference="false" w:minOccurs="0" w:maxOccurs="1"/>
    <w:ElementInType w:name="j:ChargeSequenceID" w:isReference="false"
      w:minOccurs="0" w:maxOccurs="1"/>
    <w:ElementInType w:name="j:ChargeStatute" w:isReference="false"
      w:minOccurs="0" w:maxOccurs="unbounded"/>
    <w:ElementInType w:name="j:ChargeAugmentationPoint"
      w:isReference="false" w:minOccurs="0" w:maxOccurs="unbounded"/>
  </w:Type>
  <w:Type w:name="j:CourtType" w:isRequested="false">
    <w:ElementInType w:name="j:CourtName" w:isReference="false"
      w:minOccurs="0" w:maxOccurs="1"/>
    <w:ElementInType w:name="j:CourtDivisionText" w:isReference="false"
      w:minOccurs="0" w:maxOccurs="1"/>
  </w:Type>
  <w:Type w:name="j:DriverLicenseType" w:isRequested="false">
    <w:ElementInType w:name="j:DriverLicenseCardIdentification"
      w:isReference="false" w:minOccurs="0" w:maxOccurs="1"/>
  </w:Type>
  <w:Type w:name="j:EnforcementOfficialType" w:isRequested="true">
    <w:ElementInType w:name="nc:RoleOfPerson" w:isReference="false"
      w:minOccurs="0" w:maxOccurs="1"/>
    <w:ElementInType w:name="j:EnforcementOfficialBadgeIdentification"
      w:isReference="false" w:minOccurs="0" w:maxOccurs="1"/>
    <w:ElementInType w:name="j:EnforcementOfficialCategoryText"
      w:isReference="false" w:minOccurs="0" w:maxOccurs="1"/>
    <w:ElementInType w:name="j:EnforcementOfficialUnit"
      w:isReference="false" w:minOccurs="0" w:maxOccurs="1"/>
  </w:Type>
  <w:Type w:name="j:EnforcementUnitType" w:isRequested="false">
    <w:ElementInType w:name="j:EnforcementUnitName"
      w:isReference="false" w:minOccurs="0" w:maxOccurs="1"/>
  </w:Type>
  <w:Type w:name="j:OffenseLocationAssociationType" w:isRequested="true"/>
  <w:Type w:name="j:OrganizationAugmentationType" w:isRequested="false">
    <w:ElementInType w:name="j:OrganizationORIIdentification"
      w:isReference="false" w:minOccurs="0" w:maxOccurs="1"/>
  </w:Type>
  <w:Type w:name="j:PersonAugmentationType" w:isRequested="false">
    <w:ElementInType w:name="j:DriverLicense" w:isReference="false"
      w:minOccurs="0" w:maxOccurs="1"/>
    <w:ElementInType w:name="j:PersonFBIIdentification"
      w:isReference="false" w:minOccurs="0" w:maxOccurs="1"/>
  </w:Type>
  <w:Type w:name="j:PersonEyeColorCodeSimpleType" w:isRequested="false">
    <w:Facet w:facet="enumeration" w:value="BLACK"/>
    <w:Facet w:facet="enumeration" w:value="BLUE"/>
    <w:Facet w:facet="enumeration" w:value="BROWN"/>
    <w:Facet w:facet="enumeration" w:value="GRAY"/>
    <w:Facet w:facet="enumeration" w:value="GREEN"/>
    <w:Facet w:facet="enumeration" w:value="HAZEL"/>
    <w:Facet w:facet="enumeration" w:value="MAROON"/>
    <w:Facet w:facet="enumeration" w:value="MULTICOLORED"/>
    <w:Facet w:facet="enumeration" w:value="PINK"/>
    <w:Facet w:facet="enumeration" w:value="UNKNOWN"/>
  </w:Type>
  <w:Type w:name="j:StatuteType" w:isRequested="false">
    <w:ElementInType w:name="j:StatuteCodeIdentification"
      w:isReference="false" w:minOccurs="0" w:maxOccurs="unbounded"/>
    <w:ElementInType w:name="j:StatuteCodeSectionIdentification"
      w:isReference="false" w:minOccurs="0" w:maxOccurs="1"/>
    <w:ElementInType w:name="j:StatuteDescriptionText"
      w:isReference="false" w:minOccurs="0" w:maxOccurs="unbounded"/>
    <w:ElementInType w:name="j:StatuteText" w:isReference="false"
      w:minOccurs="0" w:maxOccurs="unbounded"/>
    <w:ElementInType w:name="j:StatuteAugmentationPoint"
      w:isReference="false" w:minOccurs="0" w:maxOccurs="1"/>
  </w:Type>
  <w:Type w:name="j:SubjectType" w:isRequested="false">
    <w:ElementInType w:name="nc:RoleOfPerson" w:isReference="false"
      w:minOccurs="0" w:maxOccurs="1"/>
    <w:ElementInType w:name="j:SubjectAppointment" w:isReference="false"
      w:minOccurs="0" w:maxOccurs="unbounded"/>
  </w:Type>
  <w:Type w:name="j:WarrantType" w:isRequested="false">
    <w:ElementInType w:name="j:WarrantCategoryAbstract"
      w:isReference="false" w:minOccurs="0" w:maxOccurs="1"/>
    <w:ElementInType w:name="j:WarrantAugmentationPoint"
      w:isReference="false" w:minOccurs="0" w:maxOccurs="1"/>
  </w:Type>
  <w:Type w:name="nc:ActivityType" w:isRequested="false">
    <w:ElementInType w:name="nc:ActivityComment" w:isReference="false"
      w:minOccurs="0" w:maxOccurs="unbounded"/>
    <w:ElementInType w:name="nc:ActivityCompletedIndicator"
      w:isReference="false" w:minOccurs="0" w:maxOccurs="unbounded"/>
    <w:ElementInType w:name="nc:ActivityDate" w:isReference="false"
      w:minOccurs="0" w:maxOccurs="1"/>
    <w:ElementInType w:name="nc:ActivityLocation" w:isReference="false"
      w:minOccurs="0" w:maxOccurs="1"/>
    <w:ElementInType w:name="nc:ActivityScheduledDate"
      w:isReference="false" w:minOccurs="0" w:maxOccurs="1"/>
  </w:Type>
  <w:Type w:name="nc:AddressType" w:isRequested="false">
    <w:ElementInType w:name="nc:AddressFullText" w:isReference="false"
      w:minOccurs="0" w:maxOccurs="1"/>
    <w:ElementInType w:name="nc:AddressSecondaryUnitText"
      w:isReference="false" w:minOccurs="0" w:maxOccurs="1"/>
    <w:ElementInType w:name="nc:AddressDeliveryPointAbstract"
      w:isReference="false" w:minOccurs="0" w:maxOccurs="unbounded"/>
    <w:ElementInType w:name="nc:AddressCityName" w:isReference="false"
      w:minOccurs="0" w:maxOccurs="1"/>
    <w:ElementInType w:name="nc:AddressState" w:isReference="false"
      w:minOccurs="0" w:maxOccurs="2"/>
    <w:ElementInType w:name="nc:AddressCountry" w:isReference="false"
      w:minOccurs="0" w:maxOccurs="1"/>
    <w:ElementInType w:name="nc:AddressPostalCode" w:isReference="false"
      w:minOccurs="0" w:maxOccurs="1"/>
    <w:ElementInType w:name="nc:AddressPostalExtensionCode"
      w:isReference="false" w:minOccurs="0" w:maxOccurs="1"/>
  </w:Type>
  <w:Type w:name="nc:AmountType" w:isRequested="false">
    <w:ElementInType w:name="nc:Amount" w:isReference="false"
      w:minOccurs="0" w:maxOccurs="1"/>
  </w:Type>
  <w:Type w:name="nc:BinaryType" w:isRequested="true">
    <w:ElementInType w:name="nc:BinaryID" w:isReference="false"
      w:minOccurs="0" w:maxOccurs="1"/>
    <w:ElementInType w:name="nc:BinaryObjectAbstract"
      w:isReference="false" w:minOccurs="0" w:maxOccurs="1"/>
    <w:ElementInType w:name="nc:BinaryDescriptionText"
      w:isReference="false" w:minOccurs="0" w:maxOccurs="1"/>
    <w:ElementInType w:name="nc:BinaryFormatAbstract"
      w:isReference="false" w:minOccurs="0" w:maxOccurs="1"/>
    <w:ElementInType w:name="nc:BinaryURI" w:isReference="false"
      w:minOccurs="0" w:maxOccurs="1"/>
    <w:ElementInType w:name="nc:BinarySizeValue" w:isReference="false"
      w:minOccurs="0" w:maxOccurs="1"/>
  </w:Type>
  <w:Type w:name="nc:CaseType" w:isRequested="false">
    <w:ElementInType w:name="nc:CaseAugmentationPoint"
      w:isReference="false" w:minOccurs="0" w:maxOccurs="1"/>
  </w:Type>
  <w:Type w:name="nc:CommentType" w:isRequested="false">
    <w:ElementInType w:name="nc:CommentText" w:isReference="false"
      w:minOccurs="0" w:maxOccurs="1"/>
  </w:Type>
  <w:Type w:name="nc:ContactInformationType" w:isRequested="false">
    <w:ElementInType w:name="nc:ContactMeansAbstract"
      w:isReference="false" w:minOccurs="0" w:maxOccurs="unbounded"/>
  </w:Type>
  <w:Type w:name="nc:CountryType" w:isRequested="false">
    <w:ElementInType w:name="nc:CountryRepresentation"
      w:isReference="false" w:minOccurs="0" w:maxOccurs="1"/>
  </w:Type>
  <w:Type w:name="nc:CrossStreetType" w:isRequested="false">
    <w:ElementInType w:name="nc:AddressStreet" w:isReference="false"
      w:minOccurs="0" w:maxOccurs="1"/>
  </w:Type>
  <w:Type w:name="nc:DateType" w:isRequested="false">
    <w:ElementInType w:name="nc:DateRepresentation"
      w:isReference="false" w:minOccurs="0" w:maxOccurs="unbounded"/>
  </w:Type>
  <w:Type w:name="nc:DocumentType" w:isRequested="false">
    <w:ElementInType w:name="nc:DocumentIdentification"
      w:isReference="false" w:minOccurs="0" w:maxOccurs="1"/>
  </w:Type>
  <w:Type w:name="nc:EmployerType" w:isRequested="false">
    <w:ElementInType w:name="nc:EmployerAugmentationPoint"
      w:isReference="false" w:minOccurs="0" w:maxOccurs="unbounded"/>
  </w:Type>
  <w:Type w:name="nc:EmploymentAssociationType" w:isRequested="false">
    <w:ElementInType w:name="nc:Employer" w:isReference="false"
      w:minOccurs="0" w:maxOccurs="unbounded"/>
    <w:ElementInType w:name="nc:EmployeeOccupationAbstract"
      w:isReference="false" w:minOccurs="0" w:maxOccurs="1"/>
  </w:Type>
  <w:Type w:name="nc:FullTelephoneNumberType" w:isRequested="false">
    <w:ElementInType w:name="nc:TelephoneNumberFullID"
      w:isReference="false" w:minOccurs="0" w:maxOccurs="1"/>
    <w:ElementInType w:name="nc:TelephoneSuffixID" w:isReference="false"
      w:minOccurs="0" w:maxOccurs="1"/>
  </w:Type>
  <w:Type w:name="nc:IdentificationType" w:isRequested="false">
    <w:ElementInType w:name="nc:IdentificationID" w:isReference="false"
      w:minOccurs="0" w:maxOccurs="1"/>
    <w:ElementInType w:name="nc:IdentificationJurisdiction"
      w:isReference="false" w:minOccurs="0" w:maxOccurs="1"/>
    <w:ElementInType w:name="nc:IdentificationEffectiveDate"
      w:isReference="false" w:minOccurs="0" w:maxOccurs="1"/>
    <w:ElementInType w:name="nc:IdentificationExpirationDate"
      w:isReference="false" w:minOccurs="0" w:maxOccurs="1"/>
    <w:ElementInType w:name="nc:IdentificationAugmentationPoint"
      w:isReference="false" w:minOccurs="0" w:maxOccurs="1"/>
  </w:Type>
  <w:Type w:name="nc:IncidentType" w:isRequested="false">
    <w:ElementInType w:name="nc:IncidentAugmentationPoint"
      w:isReference="false" w:minOccurs="0" w:maxOccurs="unbounded"/>
  </w:Type>
  <w:Type w:name="nc:InternationalTelephoneNumberType" w:isRequested="false">
    <w:ElementInType w:name="nc:TelephoneCountryCodeID"
      w:isReference="false" w:minOccurs="0" w:maxOccurs="1"/>
    <w:ElementInType w:name="nc:TelephoneNumberID" w:isReference="false"
      w:minOccurs="0" w:maxOccurs="1"/>
    <w:ElementInType w:name="nc:TelephoneSuffixID" w:isReference="false"
      w:minOccurs="0" w:maxOccurs="1"/>
  </w:Type>
  <w:Type w:name="nc:JurisdictionType" w:isRequested="false">
    <w:ElementInType w:name="nc:JurisdictionLocation"
      w:isReference="false" w:minOccurs="0" w:maxOccurs="1"/>
  </w:Type>
  <w:Type w:name="nc:LanguageType" w:isRequested="false">
    <w:ElementInType w:name="nc:LanguageRepresentation"
      w:isReference="false" w:minOccurs="0" w:maxOccurs="1"/>
  </w:Type>
  <w:Type w:name="nc:LengthMeasureType" w:isRequested="false">
    <w:ElementInType w:name="nc:LengthUnitAbstract"
      w:isReference="false" w:minOccurs="0" w:maxOccurs="unbounded"/>
  </w:Type>
  <w:Type w:name="nc:LocationPartType" w:isRequested="false">
    <w:ElementInType w:name="nc:LocationRoomText" w:isReference="false"
      w:minOccurs="0" w:maxOccurs="1"/>
  </w:Type>
  <w:Type w:name="nc:LocationType" w:isRequested="false">
    <w:ElementInType w:name="nc:LocationAddressAbstract"
      w:isReference="false" w:minOccurs="0" w:maxOccurs="unbounded"/>
    <w:ElementInType w:name="nc:LocationPart" w:isReference="false"
      w:minOccurs="0" w:maxOccurs="1"/>
    <w:ElementInType w:name="nc:LocationAugmentationPoint"
      w:isReference="false" w:minOccurs="0" w:maxOccurs="1"/>
  </w:Type>
  <w:Type w:name="nc:MeasureType" w:isRequested="false">
    <w:ElementInType w:name="nc:MeasureValueAbstract"
      w:isReference="false" w:minOccurs="0" w:maxOccurs="1"/>
  </w:Type>
  <w:Type w:name="nc:NonNegativeDecimalSimpleType" w:isRequested="false">
    <w:Facet w:facet="minInclusive" w:value="0"/>
  </w:Type>
  <w:Type w:name="nc:OrganizationType" w:isRequested="false">
    <w:ElementInType w:name="nc:OrganizationIdentification"
      w:isReference="false" w:minOccurs="0" w:maxOccurs="1"/>
    <w:ElementInType w:name="nc:OrganizationLocation"
      w:isReference="false" w:minOccurs="0" w:maxOccurs="1"/>
    <w:ElementInType w:name="nc:OrganizationName" w:isReference="false"
      w:minOccurs="0" w:maxOccurs="1"/>
    <w:ElementInType w:name="nc:OrganizationAugmentationPoint"
      w:isReference="false" w:minOccurs="0" w:maxOccurs="1"/>
  </w:Type>
  <w:Type w:name="nc:PersonIdentityAssociationType" w:isRequested="false">
    <w:ElementInType w:name="nc:Person" w:isReference="false"
      w:minOccurs="0" w:maxOccurs="unbounded"/>
  </w:Type>
  <w:Type w:name="nc:PersonLanguageType" w:isRequested="false">
    <w:ElementInType w:name="nc:Language" w:isReference="false"
      w:minOccurs="0" w:maxOccurs="1"/>
  </w:Type>
  <w:Type w:name="nc:PersonNameType" w:isRequested="false">
    <w:ElementInType w:name="nc:PersonNamePrefixAbstract"
      w:isReference="false" w:minOccurs="0" w:maxOccurs="1"/>
    <w:ElementInType w:name="nc:PersonGivenName" w:isReference="false"
      w:minOccurs="0" w:maxOccurs="1"/>
    <w:ElementInType w:name="nc:PersonMiddleName" w:isReference="false"
      w:minOccurs="0" w:maxOccurs="1"/>
    <w:ElementInType w:name="nc:PersonSurName" w:isReference="false"
      w:minOccurs="0" w:maxOccurs="1"/>
    <w:ElementInType w:name="nc:PersonNameSuffixText"
      w:isReference="false" w:minOccurs="0" w:maxOccurs="1"/>
    <w:ElementInType w:name="nc:PersonFullName" w:isReference="false"
      w:minOccurs="0" w:maxOccurs="1"/>
    <w:ElementInType w:name="nc:PersonNameAugmentationPoint"
      w:isReference="false" w:minOccurs="0" w:maxOccurs="unbounded"/>
  </w:Type>
  <w:Type w:name="nc:PersonNationalityType" w:isRequested="false">
    <w:ElementInType w:name="nc:PersonNationalityCountry"
      w:isReference="false" w:minOccurs="0" w:maxOccurs="1"/>
  </w:Type>
  <w:Type w:name="nc:PersonType" w:isRequested="false">
    <w:ElementInType w:name="nc:PersonBirthDate" w:isReference="false"
      w:minOccurs="0" w:maxOccurs="unbounded"/>
    <w:ElementInType w:name="nc:PersonBirthLocation"
      w:isReference="false" w:minOccurs="0" w:maxOccurs="1"/>
    <w:ElementInType w:name="nc:PersonDigitalImage"
      w:isReference="false" w:minOccurs="0" w:maxOccurs="unbounded"/>
    <w:ElementInType w:name="nc:PersonEmployedIndicator"
      w:isReference="false" w:minOccurs="0" w:maxOccurs="1"/>
    <w:ElementInType w:name="nc:PersonEthnicityAbstract"
      w:isReference="false" w:minOccurs="0" w:maxOccurs="1"/>
    <w:ElementInType w:name="nc:PersonEyeColorAbstract"
      w:isReference="false" w:minOccurs="0" w:maxOccurs="1"/>
    <w:ElementInType w:name="nc:PersonHairColorAbstract"
      w:isReference="false" w:minOccurs="0" w:maxOccurs="1"/>
    <w:ElementInType w:name="nc:PersonHeightDescriptionText"
      w:isReference="false" w:minOccurs="0" w:maxOccurs="1"/>
    <w:ElementInType w:name="nc:PersonHeightMeasure"
      w:isReference="false" w:minOccurs="0" w:maxOccurs="unbounded"/>
    <w:ElementInType w:name="nc:PersonName" w:isReference="false"
      w:minOccurs="0" w:maxOccurs="unbounded"/>
    <w:ElementInType w:name="nc:PersonPrimaryLanguage"
      w:isReference="false" w:minOccurs="0" w:maxOccurs="1"/>
    <w:ElementInType w:name="nc:PersonRaceAbstract"
      w:isReference="false" w:minOccurs="0" w:maxOccurs="1"/>
    <w:ElementInType w:name="nc:PersonSexAbstract" w:isReference="false"
      w:minOccurs="0" w:maxOccurs="1"/>
    <w:ElementInType w:name="nc:PersonSexualOrientationAbstract"
      w:isReference="false" w:minOccurs="0" w:maxOccurs="1"/>
    <w:ElementInType w:name="nc:PersonSSNIdentification"
      w:isReference="false" w:minOccurs="0" w:maxOccurs="1"/>
    <w:ElementInType w:name="nc:PersonStateIdentification"
      w:isReference="false" w:minOccurs="0" w:maxOccurs="unbounded"/>
    <w:ElementInType w:name="nc:PersonUSCitizenIndicator"
      w:isReference="false" w:minOccurs="0" w:maxOccurs="1"/>
    <w:ElementInType w:name="nc:PersonWeightDescriptionText"
      w:isReference="false" w:minOccurs="0" w:maxOccurs="1"/>
    <w:ElementInType w:name="nc:PersonNationality" w:isReference="false"
      w:minOccurs="0" w:maxOccurs="unbounded"/>
    <w:ElementInType w:name="nc:PersonContactInformation"
      w:isReference="false" w:minOccurs="0" w:maxOccurs="1"/>
    <w:ElementInType w:name="nc:EmployeeContactInformation"
      w:isReference="false" w:minOccurs="0" w:maxOccurs="unbounded"/>
    <w:ElementInType w:name="nc:PersonAugmentationPoint"
      w:isReference="false" w:minOccurs="0" w:maxOccurs="3"/>
  </w:Type>
  <w:Type w:name="nc:StateType" w:isRequested="false">
    <w:ElementInType w:name="nc:StateRepresentation"
      w:isReference="false" w:minOccurs="0" w:maxOccurs="unbounded"/>
  </w:Type>
  <w:Type w:name="nc:StatusType" w:isRequested="true">
    <w:ElementInType w:name="nc:StatusDescriptionText"
      w:isReference="false" w:minOccurs="0" w:maxOccurs="1"/>
  </w:Type>
  <w:Type w:name="nc:StreetDirectionalType" w:isRequested="false">
    <w:ElementInType w:name="nc:StreetDirectionalRepresentation"
      w:isReference="false" w:minOccurs="0" w:maxOccurs="1"/>
  </w:Type>
  <w:Type w:name="nc:StreetType" w:isRequested="false">
    <w:ElementInType w:name="nc:StreetFullText" w:isReference="false"
      w:minOccurs="0" w:maxOccurs="1"/>
    <w:ElementInType w:name="nc:StreetNumberText" w:isReference="false"
      w:minOccurs="0" w:maxOccurs="1"/>
    <w:ElementInType w:name="nc:StreetPredirectional"
      w:isReference="false" w:minOccurs="0" w:maxOccurs="1"/>
    <w:ElementInType w:name="nc:StreetName" w:isReference="false"
      w:minOccurs="0" w:maxOccurs="1"/>
    <w:ElementInType w:name="nc:StreetPostdirectional"
      w:isReference="false" w:minOccurs="0" w:maxOccurs="1"/>
  </w:Type>
  <w:Type w:name="nc:TelephoneNumberType" w:isRequested="false">
    <w:ElementInType w:name="nc:TelephoneNumberAbstract"
      w:isReference="false" w:minOccurs="0" w:maxOccurs="unbounded"/>
    <w:ElementInType w:name="nc:TelephoneNumberDescriptionText"
      w:isReference="false" w:minOccurs="0" w:maxOccurs="1"/>
  </w:Type>
  <w:Type w:name="nc:WeaponType" w:isRequested="false">
    <w:ElementInType w:name="nc:RoleOfItem" w:isReference="false"
      w:minOccurs="0" w:maxOccurs="1"/>
  </w:Type>
  <w:Type w:name="ncic:UnitedStatesCodeSimpleType" w:isRequested="false">
    <w:Facet w:facet="enumeration" w:value="AK"/>
    <w:Facet w:facet="enumeration" w:value="AL"/>
    <w:Facet w:facet="enumeration" w:value="AR"/>
    <w:Facet w:facet="enumeration" w:value="AZ"/>
    <w:Facet w:facet="enumeration" w:value="CA"/>
    <w:Facet w:facet="enumeration" w:value="CO"/>
    <w:Facet w:facet="enumeration" w:value="CT"/>
    <w:Facet w:facet="enumeration" w:value="DC"/>
    <w:Facet w:facet="enumeration" w:value="DE"/>
    <w:Facet w:facet="enumeration" w:value="FL"/>
    <w:Facet w:facet="enumeration" w:value="GA"/>
    <w:Facet w:facet="enumeration" w:value="HI"/>
    <w:Facet w:facet="enumeration" w:value="IA"/>
    <w:Facet w:facet="enumeration" w:value="ID"/>
    <w:Facet w:facet="enumeration" w:value="IL"/>
    <w:Facet w:facet="enumeration" w:value="IN"/>
    <w:Facet w:facet="enumeration" w:value="KS"/>
    <w:Facet w:facet="enumeration" w:value="KY"/>
    <w:Facet w:facet="enumeration" w:value="LA"/>
    <w:Facet w:facet="enumeration" w:value="MA"/>
    <w:Facet w:facet="enumeration" w:value="MD"/>
    <w:Facet w:facet="enumeration" w:value="ME"/>
    <w:Facet w:facet="enumeration" w:value="MI"/>
    <w:Facet w:facet="enumeration" w:value="MN"/>
    <w:Facet w:facet="enumeration" w:value="MO"/>
    <w:Facet w:facet="enumeration" w:value="MS"/>
    <w:Facet w:facet="enumeration" w:value="MT"/>
    <w:Facet w:facet="enumeration" w:value="NB"/>
    <w:Facet w:facet="enumeration" w:value="NC"/>
    <w:Facet w:facet="enumeration" w:value="ND"/>
    <w:Facet w:facet="enumeration" w:value="NH"/>
    <w:Facet w:facet="enumeration" w:value="NJ"/>
    <w:Facet w:facet="enumeration" w:value="NM"/>
    <w:Facet w:facet="enumeration" w:value="NV"/>
    <w:Facet w:facet="enumeration" w:value="NY"/>
    <w:Facet w:facet="enumeration" w:value="OH"/>
    <w:Facet w:facet="enumeration" w:value="OK"/>
    <w:Facet w:facet="enumeration" w:value="OR"/>
    <w:Facet w:facet="enumeration" w:value="PA"/>
    <w:Facet w:facet="enumeration" w:value="RI"/>
    <w:Facet w:facet="enumeration" w:value="SC"/>
    <w:Facet w:facet="enumeration" w:value="SD"/>
    <w:Facet w:facet="enumeration" w:value="TN"/>
    <w:Facet w:facet="enumeration" w:value="TX"/>
    <w:Facet w:facet="enumeration" w:value="UT"/>
    <w:Facet w:facet="enumeration" w:value="VA"/>
    <w:Facet w:facet="enumeration" w:value="VT"/>
    <w:Facet w:facet="enumeration" w:value="WA"/>
    <w:Facet w:facet="enumeration" w:value="WI"/>
    <w:Facet w:facet="enumeration" w:value="WV"/>
    <w:Facet w:facet="enumeration" w:value="WY"/>
  </w:Type>
  <w:Type w:name="ndex:WarrantCategoryCodeSimpleType" w:isRequested="false">
    <w:Facet w:facet="enumeration" w:value="ARREST_WARRANT"/>
    <w:Facet w:facet="enumeration" w:value="BENCH_WARRANT-NO_BOND"/>
    <w:Facet w:facet="enumeration" w:value="CAPIAS"/>
    <w:Facet w:facet="enumeration" w:value="DNA_JOHN_DOE_WARRANT"/>
    <w:Facet w:facet="enumeration" w:value="FELONY_ARREST"/>
    <w:Facet w:facet="enumeration" w:value="INSTANTER"/>
    <w:Facet w:facet="enumeration" w:value="MISDEMEANOR_ARREST"/>
    <w:Facet w:facet="enumeration" w:value="MULTICASE_WARRANT"/>
    <w:Facet w:facet="enumeration" w:value="RAMEY_WARRANT"/>
    <w:Facet w:facet="enumeration" w:value="SCIRE_FACIAS"/>
    <w:Facet w:facet="enumeration" w:value="TELEPHONE_ARREST_WARRANT"/>
    <w:Facet w:facet="enumeration" w:value="VIOLATION_OF_PROBATION"/>
  </w:Type>
  <w:Type w:name="scr:WarrantAugmentationType" w:isRequested="false">
    <w:ElementInType w:name="scr:WarrantIdentification"
      w:isReference="false" w:minOccurs="0" w:maxOccurs="1"/>
  </w:Type>
  <w:Type w:name="unece:LengthCodeSimpleType" w:isRequested="false">
    <w:Facet w:facet="enumeration" w:value="4H"/>
    <w:Facet w:facet="enumeration" w:value="77"/>
    <w:Facet w:facet="enumeration" w:value="A11"/>
    <w:Facet w:facet="enumeration" w:value="A12"/>
    <w:Facet w:facet="enumeration" w:value="A45"/>
    <w:Facet w:facet="enumeration" w:value="A71"/>
    <w:Facet w:facet="enumeration" w:value="AK"/>
    <w:Facet w:facet="enumeration" w:value="AWG"/>
    <w:Facet w:facet="enumeration" w:value="B57"/>
    <w:Facet w:facet="enumeration" w:value="C45"/>
    <w:Facet w:facet="enumeration" w:value="C52"/>
    <w:Facet w:facet="enumeration" w:value="C63"/>
    <w:Facet w:facet="enumeration" w:value="CMT"/>
    <w:Facet w:facet="enumeration" w:value="DMT"/>
    <w:Facet w:facet="enumeration" w:value="F49"/>
    <w:Facet w:facet="enumeration" w:value="F50"/>
    <w:Facet w:facet="enumeration" w:value="F51"/>
    <w:Facet w:facet="enumeration" w:value="F52"/>
    <w:Facet w:facet="enumeration" w:value="FOT"/>
    <w:Facet w:facet="enumeration" w:value="G04"/>
    <w:Facet w:facet="enumeration" w:value="G05"/>
    <w:Facet w:facet="enumeration" w:value="G06"/>
    <w:Facet w:facet="enumeration" w:value="H79"/>
    <w:Facet w:facet="enumeration" w:value="H84"/>
    <w:Facet w:facet="enumeration" w:value="HMT"/>
    <w:Facet w:facet="enumeration" w:value="INH"/>
    <w:Facet w:facet="enumeration" w:value="K13"/>
    <w:Facet w:facet="enumeration" w:value="K17"/>
    <w:Facet w:facet="enumeration" w:value="K45"/>
    <w:Facet w:facet="enumeration" w:value="K46"/>
    <w:Facet w:facet="enumeration" w:value="KMT"/>
    <w:Facet w:facet="enumeration" w:value="KTM"/>
    <w:Facet w:facet="enumeration" w:value="L98"/>
    <w:Facet w:facet="enumeration" w:value="L99"/>
    <w:Facet w:facet="enumeration" w:value="M49"/>
    <w:Facet w:facet="enumeration" w:value="M50"/>
    <w:Facet w:facet="enumeration" w:value="M51"/>
    <w:Facet w:facet="enumeration" w:value="M52"/>
    <w:Facet w:facet="enumeration" w:value="M53"/>
    <w:Facet w:facet="enumeration" w:value="M7"/>
    <w:Facet w:facet="enumeration" w:value="MAM"/>
    <w:Facet w:facet="enumeration" w:value="MMT"/>
    <w:Facet w:facet="enumeration" w:value="MTR"/>
    <w:Facet w:facet="enumeration" w:value="NMI"/>
    <w:Facet w:facet="enumeration" w:value="SMI"/>
    <w:Facet w:facet="enumeration" w:value="X1"/>
    <w:Facet w:facet="enumeration" w:value="YRD"/>
  </w:Type>
</w:WantList>
