<?xml version="1.0" encoding="UTF-8"?>
<w:WantList w:release="5.2" w:product="NIEM" w:nillableDefault="true"
  xmlns:nc="http://release.niem.gov/niem/niem-core/5.0/"
  xmlns:w="http://niem.gov/niem/wantlist/2.2" xmlns:j="http://release.niem.gov/niem/domains/jxdm/7.2/">
  <w:Element w:name="j:Conviction" w:isReference="false" w:nillable="true"/>
  <w:Element w:name="j:CourtOrder" w:isReference="false" w:nillable="true"/>
  <w:Type w:name="j:ConvictionType" w:isRequested="false">
    <w:ElementInType w:name="j:ConvictionPlea" w:isReference="false"
      w:minOccurs="1" w:maxOccurs="1"/>
    <w:ElementInType w:name="j:ConvictionVerdict" w:isReference="false"
      w:minOccurs="1" w:maxOccurs="1"/>
  </w:Type>
  <w:Type w:name="j:SentenceType" w:isRequested="false">
    <w:ElementInType w:name="j:SentenceCharge" w:isReference="false"
      w:minOccurs="0" w:maxOccurs="unbounded"/>
    <w:ElementInType w:name="j:SentenceAugmentationPoint"
      w:isReference="false" w:minOccurs="1" w:maxOccurs="1"/>
  </w:Type>
  <w:Type w:name="nc:ActivityType" w:isRequested="false">
    <w:ElementInType w:name="nc:ActivityIdentification"
      w:isReference="false" w:minOccurs="1" w:maxOccurs="1"/>
  </w:Type>
</w:WantList>
